Trade ID,Entry Time,Exit Time,Direction,Entry Price,Exit Price,Lots,SL,Exit Reason,PnL ($),Equity ($)
1,2026-01-02 14:40:00,2026-01-02 14:55:00,Short,4388.05,4393.17,0.39,4393.17,Stop Loss,-199.83,99800.17
2,2026-01-02 15:10:00,2026-01-02 15:20:00,Long,4399.81,4394.41,0.37,4394.41,Stop Loss,-199.63,99600.53
3,2026-01-02 15:20:00,2026-01-02 22:55:00,Short,4381.27,4331.49,0.27,4388.47,Opposite Signal,1344.06,100944.59
4,2026-01-02 22:55:00,2026-01-05 04:05:00,Long,4331.49,4390.82,0.37,4326.14,Opposite Signal,2195.21,103139.8
5,2026-01-05 04:05:00,2026-01-05 04:30:00,Short,4390.82,4403.9,0.15,4403.9,Stop Loss,-196.13,102943.67
6,2026-01-05 08:05:00,2026-01-05 13:15:00,Long,4414.88,4427.76,0.31,4408.45,Opposite Signal,399.28,103342.95
7,2026-01-05 13:15:00,2026-01-05 16:00:00,Short,4427.76,4422.4,0.36,4433.18,Opposite Signal,192.96,103535.91
8,2026-01-05 16:00:00,2026-01-05 19:00:00,Long,4422.4,4433.54,0.23,4413.77,Opposite Signal,256.22,103792.13
9,2026-01-05 19:00:00,2026-01-05 19:15:00,Short,4433.54,4443.19,0.2,4443.19,Stop Loss,-192.97,103599.16
10,2026-01-06 01:00:00,2026-01-06 01:15:00,Long,4454.09,4449.28,0.41,4449.28,Stop Loss,-197.39,103401.77
11,2026-01-06 01:30:00,2026-01-06 03:50:00,Short,4441.21,4447.49,0.31,4447.49,Stop Loss,-194.66,103207.11
12,2026-01-06 03:50:00,2026-01-06 07:45:00,Long,4447.76,4459.82,0.26,4440.23,Opposite Signal,313.56,103520.67
13,2026-01-06 07:45:00,2026-01-06 08:35:00,Short,4459.82,4465.34,0.36,4465.34,Stop Loss,-198.56,103322.11
14,2026-01-06 08:55:00,2026-01-06 09:55:00,Long,4465.55,4459.89,0.35,4459.89,Stop Loss,-197.97,103124.13
15,2026-01-06 11:10:00,2026-01-06 13:30:00,Short,4457.83,4460.45,0.32,4464.04,Opposite Signal,-83.84,103040.29
16,2026-01-06 13:30:00,2026-01-06 15:45:00,Long,4460.45,4458.04,0.37,4455.06,Opposite Signal,-89.17,102951.12
17,2026-01-06 15:45:00,2026-01-06 15:50:00,Short,4458.04,4464.58,0.3,4464.58,Stop Loss,-196.32,102754.81
18,2026-01-06 16:05:00,2026-01-06 17:30:00,Long,4471.33,4469.8,0.27,4464.13,Opposite Signal,-41.31,102713.5
19,2026-01-06 17:30:00,2026-01-06 18:00:00,Short,4469.8,4480.01,0.19,4480.01,Stop Loss,-193.93,102519.57
20,2026-01-06 20:10:00,2026-01-06 20:25:00,Long,4491.16,4485.19,0.33,4485.19,Stop Loss,-197.07,102322.5
21,2026-01-06 21:30:00,2026-01-06 22:05:00,Short,4478.85,4484.36,0.36,4484.36,Stop Loss,-198.26,102124.24
22,2026-01-06 22:45:00,2026-01-07 02:05:00,Long,4489.96,4492.22,0.43,4485.38,Opposite Signal,97.18,102221.42
23,2026-01-07 02:05:00,2026-01-07 09:45:00,Short,4492.22,4462.13,0.51,4496.11,Opposite Signal,1534.59,103756.01
24,2026-01-07 09:45:00,2026-01-07 13:25:00,Long,4462.13,4455.44,0.29,4455.44,Stop Loss,-193.9,103562.11
25,2026-01-07 13:30:00,2026-01-07 15:45:00,Short,4455.15,4447.13,0.38,4460.32,Opposite Signal,304.76,103866.87
26,2026-01-07 15:45:00,2026-01-07 16:35:00,Long,4447.13,4437.41,0.2,4437.41,Stop Loss,-194.37,103672.5
27,2026-01-07 17:10:00,2026-01-07 17:25:00,Short,4426.7,4438.13,0.17,4438.13,Stop Loss,-194.24,103478.26
28,2026-01-07 17:30:00,2026-01-08 02:25:00,Long,4448.81,4456.8,0.16,4437.0,Opposite Signal,127.84,103606.1
29,2026-01-08 02:25:00,2026-01-08 03:05:00,Short,4456.8,4459.23,0.46,4461.14,Opposite Signal,-111.78,103494.32
30,2026-01-08 03:05:00,2026-01-08 03:30:00,Long,4459.23,4453.04,0.32,4453.04,Stop Loss,-198.08,103296.24
31,2026-01-08 03:50:00,2026-01-08 08:35:00,Short,4444.46,4434.74,0.28,4451.55,Opposite Signal,272.16,103568.4
32,2026-01-08 08:35:00,2026-01-08 10:00:00,Long,4434.74,4426.39,0.23,4426.39,Stop Loss,-191.94,103376.47
33,2026-01-08 10:35:00,2026-01-08 10:50:00,Short,4421.09,4428.27,0.27,4428.27,Stop Loss,-193.93,103182.54
34,2026-01-08 14:35:00,2026-01-08 15:05:00,Long,4428.13,4420.93,0.27,4420.93,Stop Loss,-194.4,102988.13
35,2026-01-08 20:35:00,2026-01-08 22:00:00,Short,4449.32,4455.49,0.32,4455.49,Stop Loss,-197.49,102790.64
36,2026-01-08 22:00:00,2026-01-09 02:25:00,Long,4458.1,4465.85,0.4,4453.16,Opposite Signal,310.0,103100.64
37,2026-01-09 02:25:00,2026-01-09 03:50:00,Short,4465.85,4467.16,0.42,4470.57,Opposite Signal,-55.02,103045.62
38,2026-01-09 03:50:00,2026-01-09 05:30:00,Long,4467.16,4460.6,0.3,4460.6,Stop Loss,-196.85,102848.78
39,2026-01-09 06:15:00,2026-01-09 06:55:00,Short,4461.11,4465.96,0.41,4465.96,Stop Loss,-198.89,102649.89
40,2026-01-09 07:30:00,2026-01-09 07:45:00,Long,4470.89,4465.66,0.38,4465.66,Stop Loss,-198.61,102451.28
41,2026-01-09 14:25:00,2026-01-09 15:05:00,Short,4467.85,4472.27,0.45,4472.27,Stop Loss,-198.79,102252.48
42,2026-01-09 15:30:00,2026-01-09 19:50:00,Long,4486.91,4487.38,0.21,4477.69,Opposite Signal,9.87,102262.35
43,2026-01-09 19:50:00,2026-01-09 20:30:00,Short,4487.38,4495.97,0.23,4495.97,Stop Loss,-197.57,102064.78
44,2026-01-09 20:35:00,2026-01-09 20:50:00,Long,4503.77,4495.36,0.23,4495.36,Stop Loss,-193.33,101871.46
45,2026-01-12 03:15:00,2026-01-12 07:35:00,Short,4574.83,4577.95,0.15,4588.13,Opposite Signal,-46.8,101824.66
46,2026-01-12 07:35:00,2026-01-12 08:10:00,Long,4577.95,4571.93,0.33,4571.93,Stop Loss,-198.6,101626.06
47,2026-01-12 13:25:00,2026-01-12 13:40:00,Short,4585.07,4590.53,0.36,4590.53,Stop Loss,-196.43,101429.62
48,2026-01-12 15:00:00,2026-01-12 16:00:00,Long,4596.08,4600.27,0.36,4590.67,Opposite Signal,150.84,101580.46
49,2026-01-12 16:00:00,2026-01-12 16:35:00,Short,4600.27,4609.05,0.22,4609.05,Stop Loss,-193.26,101387.2
50,2026-01-12 16:35:00,2026-01-12 16:45:00,Long,4610.73,4598.59,0.16,4598.59,Stop Loss,-194.18,101193.02
51,2026-01-12 20:10:00,2026-01-12 21:25:00,Short,4608.43,4615.5,0.28,4615.5,Stop Loss,-197.92,100995.1
52,2026-01-13 01:55:00,2026-01-13 02:20:00,Long,4599.4,4591.19,0.24,4591.19,Stop Loss,-196.96,100798.14
53,2026-01-13 03:25:00,2026-01-13 04:05:00,Short,4581.74,4590.32,0.23,4590.32,Stop Loss,-197.42,100600.72
54,2026-01-13 05:00:00,2026-01-13 07:30:00,Long,4595.21,4588.14,0.28,4588.14,Stop Loss,-197.9,100402.82
55,2026-01-13 07:30:00,2026-01-13 10:20:00,Short,4590.94,4589.38,0.34,4596.72,Opposite Signal,53.04,100455.86
56,2026-01-13 10:20:00,2026-01-13 12:00:00,Long,4589.38,4583.54,0.34,4583.54,Stop Loss,-198.42,100257.44
57,2026-01-13 12:00:00,2026-01-13 12:40:00,Short,4582.9,4587.8,0.4,4587.8,Stop Loss,-196.07,100061.37
58,2026-01-13 14:45:00,2026-01-13 17:15:00,Long,4589.9,4606.9,0.43,4585.25,Opposite Signal,731.0,100792.37
59,2026-01-13 17:15:00,2026-01-13 17:55:00,Short,4606.9,4619.47,0.15,4619.47,Stop Loss,-188.61,100603.76
60,2026-01-14 01:00:00,2026-01-14 07:55:00,Long,4591.8,4619.55,0.3,4585.21,Opposite Signal,832.5,101436.26
61,2026-01-14 07:55:00,2026-01-14 08:05:00,Short,4619.55,4626.76,0.27,4626.76,Stop Loss,-194.73,101241.53
62,2026-01-14 08:20:00,2026-01-14 08:30:00,Long,4634.68,4626.93,0.25,4626.93,Stop Loss,-193.69,101047.85
63,2026-01-14 11:40:00,2026-01-14 12:15:00,Short,4627.59,4632.97,0.37,4632.97,Stop Loss,-199.14,100848.7
64,2026-01-14 14:20:00,2026-01-14 15:00:00,Long,4638.62,4633.0,0.35,4633.0,Stop Loss,-196.69,100652.02
65,2026-01-14 16:35:00,2026-01-14 20:10:00,Short,4618.62,4623.69,0.23,4627.17,Opposite Signal,-116.61,100535.41
66,2026-01-14 20:10:00,2026-01-14 23:10:00,Long,4623.69,4624.48,0.23,4615.03,Opposite Signal,18.17,100553.58
67,2026-01-14 23:10:00,2026-01-15 01:00:00,Short,4624.48,4632.32,0.25,4632.32,Stop Loss,-195.89,100357.69
68,2026-01-15 04:10:00,2026-01-15 04:45:00,Long,4613.98,4603.86,0.19,4603.86,Stop Loss,-192.37,100165.32
69,2026-01-15 05:10:00,2026-01-15 08:05:00,Short,4591.41,4601.4,0.2,4601.4,Stop Loss,-199.9,99965.42
70,2026-01-15 08:05:00,2026-01-15 14:50:00,Long,4604.55,4612.79,0.23,4595.94,Opposite Signal,189.52,100154.94
71,2026-01-15 14:50:00,2026-01-15 16:20:00,Short,4612.79,4603.56,0.47,4617.02,Opposite Signal,433.81,100588.75
72,2026-01-15 16:20:00,2026-01-15 18:45:00,Long,4603.56,4603.52,0.22,4594.74,Opposite Signal,-0.88,100587.87
73,2026-01-15 18:45:00,2026-01-15 19:15:00,Short,4603.52,4611.82,0.24,4611.82,Stop Loss,-199.14,100388.73
74,2026-01-15 20:00:00,2026-01-15 21:55:00,Long,4619.0,4613.05,0.33,4613.05,Stop Loss,-196.36,100192.37
75,2026-01-15 22:05:00,2026-01-15 23:05:00,Short,4605.78,4610.81,0.39,4610.81,Stop Loss,-196.32,99996.05
76,2026-01-15 23:15:00,2026-01-16 01:25:00,Long,4613.67,4608.99,0.35,4608.11,Opposite Signal,-163.8,99832.25
77,2026-01-16 01:25:00,2026-01-16 07:40:00,Short,4608.99,4606.75,0.41,4613.78,Opposite Signal,91.84,99924.09
78,2026-01-16 07:40:00,2026-01-16 08:40:00,Long,4606.75,4602.26,0.44,4602.26,Stop Loss,-197.68,99726.41
79,2026-01-16 08:40:00,2026-01-16 09:05:00,Short,4596.05,4602.06,0.33,4602.06,Stop Loss,-198.27,99528.14
80,2026-01-16 09:10:00,2026-01-16 09:30:00,Long,4609.94,4603.61,0.31,4603.61,Stop Loss,-196.15,99331.98
81,2026-01-16 12:55:00,2026-01-16 13:10:00,Short,4600.18,4604.85,0.42,4604.85,Stop Loss,-196.05,99135.93
82,2026-01-16 13:20:00,2026-01-16 14:20:00,Long,4609.8,4605.79,0.4,4604.89,Opposite Signal,-160.4,98975.53
83,2026-01-16 14:20:00,2026-01-16 15:45:00,Short,4605.79,4601.78,0.41,4610.6,Opposite Signal,164.41,99139.94
84,2026-01-16 15:45:00,2026-01-16 17:20:00,Long,4601.78,4592.31,0.21,4592.31,Stop Loss,-198.78,98941.16
85,2026-01-16 17:20:00,2026-01-16 18:00:00,Short,4588.76,4578.62,0.17,4600.42,Opposite Signal,172.38,99113.54
86,2026-01-16 18:00:00,2026-01-19 09:15:00,Long,4578.62,4664.39,0.11,4561.12,Opposite Signal,943.47,100057.01
87,2026-01-19 09:15:00,2026-01-19 10:05:00,Short,4664.39,4670.14,0.34,4670.14,Stop Loss,-195.39,99861.63
88,2026-01-19 14:15:00,2026-01-19 15:50:00,Long,4670.29,4665.26,0.39,4665.26,Stop Loss,-196.22,99665.4
89,2026-01-19 16:05:00,2026-01-19 16:20:00,Short,4662.6,4667.34,0.42,4667.34,Stop Loss,-198.93,99466.47
90,2026-01-19 17:45:00,2026-01-19 21:10:00,Long,4672.53,4671.98,0.43,4667.97,Opposite Signal,-23.65,99442.82
91,2026-01-19 21:10:00,2026-01-20 03:00:00,Short,4671.98,4668.44,0.61,4675.24,Opposite Signal,215.94,99658.76
92,2026-01-20 03:00:00,2026-01-20 15:05:00,Long,4668.44,4723.12,0.41,4663.57,Opposite Signal,2241.88,101900.64
93,2026-01-20 15:05:00,2026-01-20 15:30:00,Short,4723.12,4728.11,0.4,4728.11,Stop Loss,-199.47,101701.17
94,2026-01-20 15:50:00,2026-01-20 16:30:00,Long,4731.77,4730.97,0.26,4724.12,Opposite Signal,-20.8,101680.37
95,2026-01-20 16:30:00,2026-01-20 16:45:00,Short,4730.97,4741.95,0.18,4741.95,Stop Loss,-197.57,101482.8
96,2026-01-20 18:45:00,2026-01-20 22:20:00,Long,4748.59,4749.73,0.2,4739.0,Opposite Signal,22.8,101505.6
97,2026-01-20 22:20:00,2026-01-20 22:55:00,Short,4749.73,4756.45,0.29,4756.45,Stop Loss,-194.95,101310.65
98,2026-01-20 23:45:00,2026-01-21 01:10:00,Long,4763.41,4758.56,0.41,4758.56,Stop Loss,-198.66,101111.99
99,2026-01-21 04:20:00,2026-01-21 04:30:00,Short,4818.53,4831.2,0.15,4831.2,Stop Loss,-190.02,100921.97
100,2026-01-21 05:05:00,2026-01-21 05:15:00,Long,4844.49,4832.65,0.16,4832.65,Stop Loss,-189.44,100732.54
101,2026-01-21 08:40:00,2026-01-21 10:15:00,Short,4861.32,4865.34,0.18,4872.22,Opposite Signal,-72.36,100660.18
102,2026-01-21 10:15:00,2026-01-21 10:55:00,Long,4865.34,4854.62,0.18,4854.62,Stop Loss,-192.98,100467.19
103,2026-01-21 14:15:00,2026-01-21 14:25:00,Short,4856.16,4862.72,0.3,4862.72,Stop Loss,-196.86,100270.33
104,2026-01-21 15:30:00,2026-01-21 16:00:00,Long,4871.36,4863.55,0.25,4863.55,Stop Loss,-195.18,100075.15
105,2026-01-21 16:00:00,2026-01-21 16:05:00,Short,4852.54,4863.15,0.18,4863.15,Stop Loss,-190.99,99884.16
106,2026-01-21 20:45:00,2026-01-21 21:25:00,Long,4842.92,4829.84,0.15,4829.84,Stop Loss,-196.24,99687.91
107,2026-01-21 21:25:00,2026-01-21 22:35:00,Short,4815.77,4805.3,0.12,4831.16,Opposite Signal,125.64,99813.55
108,2026-01-21 22:35:00,2026-01-22 01:05:00,Long,4805.3,4802.95,0.1,4786.13,Opposite Signal,-23.5,99790.05
109,2026-01-22 01:05:00,2026-01-22 03:20:00,Short,4802.95,4807.72,0.14,4817.22,Opposite Signal,-66.78,99723.27
110,2026-01-22 03:20:00,2026-01-22 03:25:00,Long,4807.72,4792.82,0.13,4792.82,Stop Loss,-193.64,99529.64
111,2026-01-22 11:35:00,2026-01-22 12:35:00,Short,4820.63,4827.82,0.27,4827.82,Stop Loss,-194.21,99335.43
112,2026-01-22 13:45:00,2026-01-22 14:00:00,Long,4833.33,4827.96,0.37,4827.96,Stop Loss,-198.87,99136.56
113,2026-01-22 14:05:00,2026-01-22 14:20:00,Short,4823.86,4829.67,0.34,4829.67,Stop Loss,-197.43,98939.13
114,2026-01-22 15:15:00,2026-01-22 15:30:00,Long,4831.44,4825.12,0.31,4825.12,Stop Loss,-195.89,98743.24
115,2026-01-22 15:40:00,2026-01-22 15:50:00,Short,4813.74,4822.14,0.23,4822.14,Stop Loss,-193.27,98549.97
116,2026-01-22 16:30:00,2026-01-22 17:00:00,Long,4842.56,4833.04,0.21,4833.04,Stop Loss,-199.95,98350.01
117,2026-01-23 01:30:00,2026-01-23 01:45:00,Short,4934.18,4944.12,0.2,4944.12,Stop Loss,-198.83,98151.19
118,2026-01-23 01:50:00,2026-01-23 03:00:00,Long,4955.96,4945.1,0.18,4945.1,Stop Loss,-195.56,97955.63
119,2026-01-23 03:05:00,2026-01-23 03:45:00,Short,4944.84,4957.54,0.15,4957.54,Stop Loss,-190.44,97765.19
120,2026-01-23 07:35:00,2026-01-23 08:05:00,Long,4959.03,4955.71,0.41,4954.2,Opposite Signal,-136.12,97629.07
121,2026-01-23 08:05:00,2026-01-23 12:25:00,Short,4955.71,4929.38,0.34,4961.43,Opposite Signal,895.22,98524.29
122,2026-01-23 12:25:00,2026-01-23 13:00:00,Long,4929.38,4920.16,0.21,4920.16,Stop Loss,-193.66,98330.63
123,2026-01-23 19:55:00,2026-01-23 20:00:00,Short,4965.58,4975.07,0.21,4975.07,Stop Loss,-199.2,98131.43
124,2026-01-23 21:45:00,2026-01-23 22:05:00,Long,4982.7,4974.04,0.23,4974.04,Stop Loss,-199.13,97932.3
125,2026-01-26 07:10:00,2026-01-26 07:45:00,Short,5059.88,5069.84,0.2,5069.84,Stop Loss,-199.19,97733.11
126,2026-01-26 08:00:00,2026-01-26 08:10:00,Long,5079.25,5067.51,0.17,5067.51,Stop Loss,-199.55,97533.56
127,2026-01-26 08:55:00,2026-01-26 09:10:00,Short,5077.56,5092.02,0.13,5092.02,Stop Loss,-187.97,97345.59
128,2026-01-26 16:35:00,2026-01-26 17:30:00,Long,5089.27,5077.6,0.17,5077.6,Stop Loss,-198.37,97147.22
129,2026-01-26 18:25:00,2026-01-26 18:55:00,Short,5075.84,5090.58,0.13,5090.58,Stop Loss,-191.67,96955.55
130,2026-01-26 19:40:00,2026-01-26 20:05:00,Long,5102.17,5088.13,0.14,5088.13,Stop Loss,-196.58,96758.97
131,2026-01-26 20:30:00,2026-01-27 01:15:00,Short,5073.5,5047.15,0.14,5087.51,Opposite Signal,368.9,97127.87
132,2026-01-27 01:15:00,2026-01-27 02:45:00,Long,5047.15,5027.27,0.1,5027.27,Stop Loss,-198.81,96929.06
133,2026-01-27 02:45:00,2026-01-27 03:05:00,Short,5023.67,5037.18,0.14,5037.18,Stop Loss,-189.13,96739.93
134,2026-01-27 03:10:00,2026-01-27 04:00:00,Long,5071.55,5054.55,0.11,5054.55,Stop Loss,-187.01,96552.92
135,2026-01-27 13:45:00,2026-01-27 14:05:00,Short,5075.58,5082.64,0.28,5082.64,Stop Loss,-197.78,96355.14
136,2026-01-27 14:40:00,2026-01-27 14:55:00,Long,5089.44,5081.4,0.24,5081.4,Stop Loss,-192.91,96162.23
137,2026-01-27 15:40:00,2026-01-27 17:35:00,Short,5073.33,5083.67,0.19,5083.67,Stop Loss,-196.37,95965.86
138,2026-01-27 17:35:00,2026-01-28 11:10:00,Long,5083.06,5281.85,0.11,5065.96,Opposite Signal,2186.69,98152.55
139,2026-01-28 11:10:00,2026-01-28 14:35:00,Short,5281.85,5270.07,0.16,5294.26,Opposite Signal,188.48,98341.03
140,2026-01-28 14:35:00,2026-01-28 15:35:00,Long,5270.07,5264.08,0.17,5258.9,Opposite Signal,-101.83,98239.2
141,2026-01-28 15:35:00,2026-01-28 16:35:00,Short,5264.08,5276.98,0.15,5276.98,Stop Loss,-193.53,98045.67
142,2026-01-28 16:55:00,2026-01-28 17:05:00,Long,5285.98,5270.33,0.12,5270.33,Stop Loss,-187.81,97857.86
143,2026-01-28 17:05:00,2026-01-28 17:15:00,Short,5241.99,5263.39,0.09,5263.39,Stop Loss,-192.57,97665.29
144,2026-01-28 18:15:00,2026-01-28 20:30:00,Long,5287.43,5287.69,0.11,5269.51,Opposite Signal,2.86,97668.15
145,2026-01-28 20:30:00,2026-01-28 21:40:00,Short,5287.69,5306.75,0.1,5306.75,Stop Loss,-190.56,97477.59
146,2026-01-28 21:45:00,2026-01-29 01:45:00,Long,5315.97,5496.16,0.09,5295.38,Opposite Signal,1621.71,99099.3
147,2026-01-29 01:45:00,2026-01-29 03:40:00,Short,5496.16,5536.18,0.04,5536.18,Stop Loss,-160.07,98939.23
148,2026-01-29 03:40:00,2026-01-29 07:20:00,Long,5540.2,5521.16,0.05,5502.23,Opposite Signal,-95.2,98844.03
149,2026-01-29 07:20:00,2026-01-29 07:25:00,Short,5521.16,5540.7,0.1,5540.7,Stop Loss,-195.41,98648.63
150,2026-01-29 07:55:00,2026-01-29 09:25:00,Long,5562.45,5543.39,0.1,5543.39,Stop Loss,-190.58,98458.05
151,2026-01-29 09:25:00,2026-01-29 13:25:00,Short,5541.41,5515.81,0.1,5560.84,Opposite Signal,256.0,98714.05
152,2026-01-29 13:25:00,2026-01-29 15:30:00,Long,5515.81,5509.96,0.12,5499.2,Opposite Signal,-70.2,98643.85
153,2026-01-29 15:30:00,2026-01-29 15:40:00,Short,5509.96,5525.99,0.12,5525.99,Stop Loss,-192.37,98451.47
154,2026-01-29 16:25:00,2026-01-29 16:30:00,Long,5543.64,5523.57,0.09,5523.57,Stop Loss,-180.6,98270.88
155,2026-01-29 16:55:00,2026-01-29 19:15:00,Short,5496.81,5337.13,0.07,5523.63,Opposite Signal,1117.76,99388.64
156,2026-01-29 19:15:00,2026-01-30 03:00:00,Long,5337.13,5389.06,0.03,5276.05,Opposite Signal,155.79,99544.43
157,2026-01-30 03:00:00,2026-01-30 12:45:00,Short,5389.06,5084.87,0.06,5418.39,Opposite Signal,1825.14,101369.57
158,2026-01-30 12:45:00,2026-01-30 15:20:00,Long,5084.87,5038.01,0.04,5038.01,Stop Loss,-187.45,101182.12
159,2026-01-30 15:20:00,2026-01-30 16:05:00,Short,5025.51,5067.51,0.04,5067.51,Stop Loss,-168.01,101014.11
160,2026-01-30 16:30:00,2026-01-30 16:50:00,Long,5108.13,5064.53,0.04,5064.53,Stop Loss,-174.39,100839.72
161,2026-01-30 17:00:00,2026-01-30 17:10:00,Short,4985.91,5034.65,0.04,5034.65,Stop Loss,-194.94,100644.78
162,2026-01-30 20:50:00,2026-02-02 01:00:00,Long,4860.68,4784.33,0.02,4784.33,Stop Loss,-152.7,100492.08
163,2026-02-02 01:05:00,2026-02-02 02:10:00,Short,4814.67,4844.68,0.04,4862.96,Opposite Signal,-120.04,100372.04
164,2026-02-02 02:10:00,2026-02-02 02:45:00,Long,4844.68,4789.96,0.03,4789.96,Stop Loss,-164.15,100207.88
165,2026-02-02 03:00:00,2026-02-02 09:00:00,Short,4755.99,4534.17,0.03,4809.37,Opposite Signal,665.46,100873.34
166,2026-02-02 09:00:00,2026-02-02 15:20:00,Long,4534.17,4738.36,0.03,4470.18,Opposite Signal,612.57,101485.91
167,2026-02-02 15:20:00,2026-02-02 16:35:00,Short,4738.36,4779.37,0.04,4779.37,Stop Loss,-164.03,101321.88
168,2026-02-02 16:35:00,2026-02-02 16:45:00,Long,4780.62,4734.59,0.04,4734.59,Stop Loss,-184.11,101137.77
169,2026-02-02 17:25:00,2026-02-02 21:45:00,Short,4680.95,4705.48,0.04,4730.17,Opposite Signal,-98.12,101039.65
170,2026-02-02 21:45:00,2026-02-02 22:05:00,Long,4705.48,4673.53,0.06,4673.53,Stop Loss,-191.72,100847.93
171,2026-02-03 04:15:00,2026-02-03 06:00:00,Short,4780.52,4815.2,0.05,4815.2,Stop Loss,-173.39,100674.53
172,2026-02-03 07:25:00,2026-02-03 07:40:00,Long,4839.29,4817.75,0.09,4817.75,Stop Loss,-193.84,100480.69
173,2026-02-03 11:25:00,2026-02-03 11:35:00,Short,4891.07,4911.07,0.09,4911.07,Stop Loss,-180.04,100300.64
174,2026-02-03 13:55:00,2026-02-03 14:20:00,Long,4916.88,4899.83,0.11,4899.83,Stop Loss,-187.51,100113.14
175,2026-02-03 16:20:00,2026-02-03 17:05:00,Short,4910.5,4931.42,0.09,4931.42,Stop Loss,-188.3,99924.84
176,2026-02-03 18:15:00,2026-02-03 19:05:00,Long,4967.47,4944.87,0.08,4944.87,Stop Loss,-180.79,99744.05
177,2026-02-03 19:05:00,2026-02-03 19:15:00,Short,4941.85,4965.03,0.08,4965.03,Stop Loss,-185.45,99558.59
178,2026-02-03 21:35:00,2026-02-03 22:00:00,Long,4938.97,4911.84,0.07,4911.84,Stop Loss,-189.9,99368.69
179,2026-02-04 08:05:00,2026-02-04 08:45:00,Short,5064.3,5077.84,0.14,5077.84,Stop Loss,-189.59,99179.1
180,2026-02-04 09:25:00,2026-02-04 09:30:00,Long,5089.48,5075.57,0.14,5075.57,Stop Loss,-194.73,98984.37
181,2026-02-04 11:25:00,2026-02-04 14:30:00,Short,5056.91,5062.66,0.13,5071.36,Opposite Signal,-74.75,98909.62
182,2026-02-04 14:30:00,2026-02-04 14:50:00,Long,5062.66,5048.5,0.14,5048.5,Stop Loss,-198.19,98711.43
183,2026-02-04 15:05:00,2026-02-04 15:20:00,Short,5029.45,5044.52,0.13,5044.52,Stop Loss,-195.85,98515.59
184,2026-02-04 15:50:00,2026-02-04 16:05:00,Long,5061.57,5043.87,0.11,5043.87,Stop Loss,-194.67,98320.92
185,2026-02-04 16:30:00,2026-02-04 23:10:00,Short,5015.03,4953.38,0.09,5036.05,Opposite Signal,554.85,98875.77
186,2026-02-04 23:10:00,2026-02-05 03:10:00,Long,4953.38,4966.67,0.1,4933.41,Opposite Signal,132.9,99008.67
187,2026-02-05 03:10:00,2026-02-05 07:45:00,Short,4966.67,4894.94,0.09,4986.8,Opposite Signal,645.57,99654.24
188,2026-02-05 07:45:00,2026-02-05 11:00:00,Long,4894.94,4884.14,0.06,4862.45,Opposite Signal,-64.8,99589.44
189,2026-02-05 11:00:00,2026-02-05 14:35:00,Short,4884.14,4861.2,0.08,4906.97,Opposite Signal,183.52,99772.96
190,2026-02-05 14:35:00,2026-02-05 15:00:00,Long,4861.2,4836.74,0.08,4836.74,Stop Loss,-195.71,99577.25
191,2026-02-05 17:40:00,2026-02-05 18:20:00,Short,4812.06,4847.78,0.05,4847.78,Stop Loss,-178.6,99398.66
192,2026-02-05 18:45:00,2026-02-05 20:15:00,Long,4883.77,4853.56,0.06,4853.56,Stop Loss,-181.28,99217.38
193,2026-02-05 21:30:00,2026-02-06 02:30:00,Short,4836.22,4733.86,0.09,4857.78,Opposite Signal,921.24,100138.62
194,2026-02-06 02:30:00,2026-02-06 03:00:00,Long,4733.86,4702.18,0.06,4702.18,Stop Loss,-190.07,99948.55
195,2026-02-06 08:20:00,2026-02-06 10:25:00,Short,4852.81,4873.64,0.09,4873.64,Stop Loss,-187.47,99761.08
196,2026-02-06 10:30:00,2026-02-06 10:35:00,Long,4880.02,4862.21,0.11,4862.21,Stop Loss,-195.86,99565.23
197,2026-02-06 11:10:00,2026-02-06 11:20:00,Short,4841.22,4860.23,0.1,4860.23,Stop Loss,-190.1,99375.13
198,2026-02-06 13:10:00,2026-02-09 03:30:00,Long,4884.37,5002.16,0.12,4868.2,Opposite Signal,1413.48,100788.61
199,2026-02-09 03:30:00,2026-02-09 05:25:00,Short,5002.16,5023.61,0.09,5023.61,Stop Loss,-193.05,100595.56
200,2026-02-09 05:25:00,2026-02-09 06:15:00,Long,5025.35,5008.5,0.11,5008.5,Stop Loss,-185.38,100410.18
201,2026-02-09 09:10:00,2026-02-09 10:15:00,Short,5012.7,5026.89,0.14,5026.89,Stop Loss,-198.66,100211.52
202,2026-02-09 11:00:00,2026-02-09 11:25:00,Long,5032.52,5019.74,0.15,5019.74,Stop Loss,-191.63,100019.89
203,2026-02-09 11:50:00,2026-02-09 14:10:00,Short,5006.57,5016.67,0.16,5018.68,Opposite Signal,-161.6,99858.29
204,2026-02-09 14:10:00,2026-02-09 15:25:00,Long,5016.67,5005.17,0.17,5005.17,Stop Loss,-195.54,99662.75
205,2026-02-09 15:40:00,2026-02-09 16:00:00,Short,4998.77,5012.54,0.14,5012.54,Stop Loss,-192.85,99469.9
206,2026-02-09 16:30:00,2026-02-09 19:55:00,Long,5035.33,5046.36,0.13,5020.76,Opposite Signal,143.39,99613.29
207,2026-02-09 19:55:00,2026-02-09 20:10:00,Short,5046.36,5058.21,0.16,5058.21,Stop Loss,-189.62,99423.66
208,2026-02-09 21:25:00,2026-02-09 23:10:00,Long,5074.37,5065.0,0.21,5065.0,Stop Loss,-196.81,99226.86
209,2026-02-09 23:10:00,2026-02-10 01:00:00,Short,5063.0,5072.22,0.21,5072.22,Stop Loss,-193.58,99033.28
210,2026-02-10 04:20:00,2026-02-10 04:50:00,Long,5054.3,5038.69,0.12,5038.69,Stop Loss,-187.3,98845.98
211,2026-02-10 05:15:00,2026-02-10 07:00:00,Short,5019.87,5034.23,0.13,5034.23,Stop Loss,-186.64,98659.34
212,2026-02-10 08:05:00,2026-02-10 08:30:00,Long,5039.91,5029.87,0.19,5029.87,Stop Loss,-190.84,98468.49
213,2026-02-10 14:40:00,2026-02-10 15:10:00,Short,5029.44,5039.85,0.19,5039.85,Stop Loss,-197.75,98270.75
214,2026-02-10 15:30:00,2026-02-10 16:45:00,Long,5052.82,5039.78,0.15,5039.78,Stop Loss,-195.59,98075.16
215,2026-02-10 16:45:00,2026-02-10 17:20:00,Short,5029.84,5046.56,0.11,5046.56,Stop Loss,-183.97,97891.19
216,2026-02-10 22:15:00,2026-02-10 22:25:00,Long,5033.28,5024.6,0.23,5024.6,Stop Loss,-199.68,97691.51
217,2026-02-11 07:50:00,2026-02-11 08:05:00,Short,5047.24,5054.49,0.27,5054.49,Stop Loss,-195.63,97495.88
218,2026-02-11 08:55:00,2026-02-11 09:20:00,Long,5064.11,5055.8,0.24,5055.8,Stop Loss,-199.53,97296.35
219,2026-02-11 14:30:00,2026-02-11 19:10:00,Short,5084.25,5085.07,0.14,5097.88,Opposite Signal,-11.48,97284.87
220,2026-02-11 19:10:00,2026-02-11 20:10:00,Long,5085.07,5070.46,0.13,5070.46,Stop Loss,-189.91,97094.96
221,2026-02-11 23:30:00,2026-02-12 01:00:00,Short,5076.77,5085.65,0.22,5085.65,Stop Loss,-195.27,96899.69
222,2026-02-12 01:00:00,2026-02-12 01:05:00,Long,5094.81,5084.8,0.19,5084.8,Stop Loss,-190.14,96709.55
223,2026-02-12 01:10:00,2026-02-12 06:55:00,Short,5062.58,5069.35,0.14,5076.63,Opposite Signal,-94.78,96614.77
224,2026-02-12 06:55:00,2026-02-12 08:20:00,Long,5069.35,5061.47,0.25,5061.47,Stop Loss,-196.88,96417.89
225,2026-02-12 08:25:00,2026-02-12 09:05:00,Short,5055.37,5064.49,0.21,5064.49,Stop Loss,-191.5,96226.39
226,2026-02-12 10:05:00,2026-02-12 10:20:00,Long,5072.45,5064.42,0.24,5064.42,Stop Loss,-192.72,96033.67
227,2026-02-12 12:15:00,2026-02-12 15:10:00,Short,5063.2,5065.71,0.26,5070.73,Opposite Signal,-65.26,95968.41
228,2026-02-12 15:10:00,2026-02-12 16:15:00,Long,5065.71,5058.23,0.26,5058.23,Stop Loss,-194.52,95773.9
229,2026-02-12 16:15:00,2026-02-12 16:30:00,Short,5058.11,5069.66,0.17,5069.66,Stop Loss,-196.4,95577.49
230,2026-02-12 17:45:00,2026-02-12 17:55:00,Long,5073.17,5061.9,0.17,5061.9,Stop Loss,-191.56,95385.93
231,2026-02-12 18:05:00,2026-02-12 19:05:00,Short,5049.77,4961.36,0.15,5062.4,Opposite Signal,1326.15,96712.08
232,2026-02-12 19:05:00,2026-02-12 20:05:00,Long,4961.36,4926.67,0.05,4926.67,Stop Loss,-173.43,96538.66
233,2026-02-12 20:15:00,2026-02-12 20:30:00,Short,4907.54,4935.68,0.07,4935.68,Stop Loss,-197.01,96341.65
234,2026-02-13 01:30:00,2026-02-13 01:35:00,Long,4924.37,4906.81,0.11,4906.81,Stop Loss,-193.16,96148.49
235,2026-02-13 07:30:00,2026-02-13 09:15:00,Short,4967.34,4974.51,0.18,4978.4,Opposite Signal,-129.06,96019.43
236,2026-02-13 09:15:00,2026-02-13 12:45:00,Long,4974.51,4960.17,0.13,4960.17,Stop Loss,-186.44,95832.99
237,2026-02-13 12:55:00,2026-02-13 14:05:00,Short,4949.87,4962.15,0.16,4962.15,Stop Loss,-196.54,95636.45
238,2026-02-13 14:15:00,2026-02-13 21:55:00,Long,4967.5,5023.4,0.15,4954.71,Opposite Signal,838.5,96474.95
239,2026-02-13 21:55:00,2026-02-13 22:00:00,Short,5023.4,5032.92,0.21,5032.92,Stop Loss,-199.84,96275.11
240,2026-02-13 23:50:00,2026-02-16 01:00:00,Long,5042.49,5034.54,0.25,5034.54,Stop Loss,-198.85,96076.26
241,2026-02-16 01:00:00,2026-02-16 01:15:00,Short,5014.35,5025.81,0.17,5025.81,Stop Loss,-194.83,95881.43
242,2026-02-16 08:35:00,2026-02-16 09:05:00,Long,4997.49,4990.62,0.29,4990.62,Stop Loss,-199.28,95682.14
243,2026-02-16 13:05:00,2026-02-16 13:45:00,Short,5001.71,5008.05,0.31,5008.05,Stop Loss,-196.52,95485.63
244,2026-02-16 19:00:00,2026-02-17 01:00:00,Long,4992.77,4986.11,0.3,4986.11,Stop Loss,-199.69,95285.94
245,2026-02-17 02:00:00,2026-02-17 03:35:00,Short,4985.24,4958.59,0.25,4993.08,Opposite Signal,666.25,95952.19
246,2026-02-17 03:35:00,2026-02-17 06:00:00,Long,4958.59,4950.66,0.17,4946.88,Opposite Signal,-134.81,95817.38
247,2026-02-17 06:00:00,2026-02-17 06:25:00,Short,4950.66,4958.64,0.25,4958.64,Stop Loss,-199.62,95617.76
248,2026-02-17 09:35:00,2026-02-17 12:45:00,Long,4919.91,4916.02,0.16,4907.46,Opposite Signal,-62.24,95555.52
249,2026-02-17 12:45:00,2026-02-17 13:10:00,Short,4916.02,4925.51,0.21,4925.51,Stop Loss,-199.25,95356.27
250,2026-02-17 14:05:00,2026-02-17 14:55:00,Long,4937.71,4928.76,0.22,4928.76,Stop Loss,-196.87,95159.4
251,2026-02-17 15:05:00,2026-02-17 20:25:00,Short,4924.57,4887.09,0.22,4933.28,Opposite Signal,824.56,95983.96
252,2026-02-17 20:25:00,2026-02-18 01:00:00,Long,4887.09,4873.07,0.14,4873.07,Stop Loss,-196.3,95787.66
253,2026-02-18 01:00:00,2026-02-18 01:10:00,Short,4870.33,4880.41,0.19,4880.41,Stop Loss,-191.45,95596.21
254,2026-02-18 03:05:00,2026-02-18 08:10:00,Long,4887.68,4926.12,0.15,4874.48,Opposite Signal,576.6,96172.81
255,2026-02-18 08:10:00,2026-02-18 08:25:00,Short,4926.12,4932.39,0.31,4932.39,Stop Loss,-194.5,95978.31
256,2026-02-18 09:25:00,2026-02-18 09:45:00,Long,4939.07,4931.96,0.28,4931.96,Stop Loss,-199.2,95779.11
257,2026-02-18 10:30:00,2026-02-18 14:05:00,Short,4924.17,4924.11,0.31,4930.52,Opposite Signal,1.86,95780.97
258,2026-02-18 14:05:00,2026-02-18 20:25:00,Long,4924.11,4987.83,0.29,4917.35,Opposite Signal,1847.88,97628.85
259,2026-02-18 20:25:00,2026-02-18 21:15:00,Short,4987.83,4994.72,0.29,4994.72,Stop Loss,-199.82,97429.02
260,2026-02-19 05:40:00,2026-02-19 10:00:00,Long,4977.56,5008.48,0.31,4971.25,Opposite Signal,958.52,98387.54
261,2026-02-19 10:00:00,2026-02-19 10:15:00,Short,5008.48,5013.89,0.36,5013.89,Stop Loss,-194.62,98192.92
262,2026-02-19 10:40:00,2026-02-19 10:50:00,Long,5020.0,5014.21,0.34,5014.21,Stop Loss,-196.69,97996.23
263,2026-02-19 11:25:00,2026-02-19 16:45:00,Short,5000.66,4999.85,0.28,5007.58,Opposite Signal,22.68,98018.91
264,2026-02-19 16:45:00,2026-02-19 19:25:00,Long,4999.85,4994.15,0.16,4987.42,Opposite Signal,-91.2,97927.71
265,2026-02-19 19:25:00,2026-02-19 22:25:00,Short,4994.15,4995.69,0.18,5005.11,Opposite Signal,-27.72,97899.99
266,2026-02-19 22:25:00,2026-02-20 01:55:00,Long,4995.69,4989.23,0.3,4989.23,Stop Loss,-193.68,97706.31
267,2026-02-20 01:55:00,2026-02-20 02:10:00,Short,4987.57,4996.16,0.23,4996.16,Stop Loss,-197.48,97508.83
268,2026-02-20 02:55:00,2026-02-20 03:25:00,Long,5006.47,4998.6,0.25,4998.6,Stop Loss,-196.67,97312.16
269,2026-02-20 03:35:00,2026-02-20 04:00:00,Short,4996.68,5005.35,0.23,5005.35,Stop Loss,-199.5,97112.66
270,2026-02-20 07:00:00,2026-02-20 07:15:00,Long,5005.44,4999.06,0.31,4999.06,Stop Loss,-197.79,96914.86
271,2026-02-20 09:20:00,2026-02-20 10:25:00,Short,5011.96,5019.53,0.26,5019.53,Stop Loss,-196.7,96718.16
272,2026-02-20 10:30:00,2026-02-20 13:45:00,Long,5021.46,5022.68,0.24,5013.4,Opposite Signal,29.28,96747.44
273,2026-02-20 13:45:00,2026-02-20 15:00:00,Short,5022.68,5028.74,0.24,5030.8,Opposite Signal,-145.44,96602.0
274,2026-02-20 15:00:00,2026-02-20 15:30:00,Long,5028.74,5020.35,0.23,5020.35,Stop Loss,-193.03,96408.97
275,2026-02-20 17:00:00,2026-02-20 17:15:00,Short,5027.11,5042.82,0.12,5042.82,Stop Loss,-188.47,96220.5
276,2026-02-20 18:30:00,2026-02-23 02:10:00,Long,5067.4,5138.26,0.1,5049.02,Opposite Signal,708.6,96929.1
277,2026-02-23 02:10:00,2026-02-23 02:30:00,Short,5138.26,5154.12,0.12,5154.12,Stop Loss,-190.26,96738.84
278,2026-02-23 03:40:00,2026-02-23 05:10:00,Long,5166.01,5152.54,0.14,5152.54,Stop Loss,-188.63,96550.21
279,2026-02-23 08:40:00,2026-02-23 11:10:00,Short,5148.29,5145.85,0.29,5155.02,Opposite Signal,70.76,96620.97
280,2026-02-23 11:10:00,2026-02-23 15:20:00,Long,5145.85,5148.96,0.23,5137.25,Opposite Signal,71.53,96692.5
281,2026-02-23 15:20:00,2026-02-23 16:10:00,Short,5148.96,5156.63,0.26,5156.63,Stop Loss,-199.33,96493.17
282,2026-02-23 16:20:00,2026-02-24 02:05:00,Long,5163.69,5227.95,0.24,5155.61,Opposite Signal,1542.24,98035.41
283,2026-02-24 02:05:00,2026-02-24 16:40:00,Short,5227.95,5137.09,0.16,5240.02,Opposite Signal,1453.76,99489.17
284,2026-02-24 16:40:00,2026-02-24 17:00:00,Long,5137.09,5118.23,0.1,5118.23,Stop Loss,-188.55,99300.61
285,2026-02-24 21:15:00,2026-02-24 22:20:00,Short,5148.88,5157.03,0.24,5157.03,Stop Loss,-195.49,99105.12
286,2026-02-24 22:20:00,2026-02-24 23:05:00,Long,5165.01,5157.02,0.25,5157.02,Stop Loss,-199.82,98905.3
287,2026-02-24 23:20:00,2026-02-25 02:35:00,Short,5154.03,5152.16,0.25,5161.91,Opposite Signal,46.75,98952.05
288,2026-02-25 02:35:00,2026-02-25 08:05:00,Long,5152.16,5186.61,0.19,5142.04,Opposite Signal,654.55,99606.6
289,2026-02-25 08:05:00,2026-02-25 10:35:00,Short,5186.61,5196.33,0.2,5196.33,Stop Loss,-194.32,99412.28
290,2026-02-25 13:55:00,2026-02-25 16:30:00,Long,5181.51,5173.35,0.24,5173.35,Stop Loss,-195.93,99216.34
291,2026-02-25 16:30:00,2026-02-25 16:45:00,Short,5174.23,5181.76,0.25,5182.1,Opposite Signal,-188.25,99028.09
292,2026-02-25 16:45:00,2026-02-25 21:05:00,Long,5181.76,5194.71,0.19,5171.4,Opposite Signal,246.05,99274.14
293,2026-02-25 21:05:00,2026-02-25 21:10:00,Short,5194.71,5200.14,0.36,5200.14,Stop Loss,-195.36,99078.79
294,2026-02-25 21:10:00,2026-02-25 21:20:00,Long,5207.35,5200.41,0.28,5200.41,Stop Loss,-194.31,98884.48
295,2026-02-25 22:15:00,2026-02-26 02:20:00,Short,5184.73,5180.79,0.19,5194.75,Opposite Signal,74.86,98959.34
296,2026-02-26 02:20:00,2026-02-26 09:05:00,Long,5180.79,5184.82,0.14,5167.2,Opposite Signal,56.42,99015.76
297,2026-02-26 09:05:00,2026-02-26 14:25:00,Short,5184.82,5178.52,0.26,5192.25,Opposite Signal,163.8,99179.56
298,2026-02-26 14:25:00,2026-02-26 15:10:00,Long,5178.52,5170.58,0.25,5170.58,Stop Loss,-198.41,98981.15
299,2026-02-26 15:40:00,2026-02-26 16:45:00,Short,5165.21,5175.0,0.2,5175.0,Stop Loss,-195.88,98785.27
300,2026-02-26 17:40:00,2026-02-26 23:30:00,Long,5175.64,5185.14,0.11,5158.63,Opposite Signal,104.5,98889.77
301,2026-02-26 23:30:00,2026-02-27 02:20:00,Short,5185.14,5192.41,0.27,5192.41,Stop Loss,-196.3,98693.47
302,2026-02-27 03:50:00,2026-02-27 04:30:00,Long,5191.63,5183.02,0.23,5183.02,Stop Loss,-198.0,98495.46
303,2026-02-27 04:35:00,2026-02-27 05:25:00,Short,5178.6,5187.26,0.23,5187.26,Stop Loss,-199.29,98296.17
304,2026-02-27 07:25:00,2026-02-27 08:50:00,Long,5194.74,5189.76,0.4,5189.76,Stop Loss,-199.37,98096.81
305,2026-02-27 08:55:00,2026-02-27 13:55:00,Short,5185.53,5185.74,0.35,5191.17,Opposite Signal,-7.35,98089.46
306,2026-02-27 13:55:00,2026-02-27 15:45:00,Long,5185.74,5213.23,0.37,5180.37,Opposite Signal,1017.13,99106.59
307,2026-02-27 15:45:00,2026-02-27 15:55:00,Short,5213.23,5224.84,0.17,5224.84,Stop Loss,-197.37,98909.22
308,2026-02-27 17:10:00,2026-02-27 17:15:00,Long,5237.79,5225.39,0.16,5225.39,Stop Loss,-198.34,98710.88
309,2026-03-02 02:50:00,2026-03-02 05:15:00,Short,5344.84,5358.66,0.09,5365.88,Opposite Signal,-124.38,98586.5
310,2026-03-02 05:15:00,2026-03-02 07:15:00,Long,5358.66,5342.39,0.12,5342.39,Stop Loss,-195.26,98391.24
311,2026-03-02 10:55:00,2026-03-02 15:05:00,Short,5394.05,5406.77,0.15,5406.77,Stop Loss,-190.76,98200.47
312,2026-03-02 15:20:00,2026-03-02 15:45:00,Long,5405.66,5390.93,0.13,5390.93,Stop Loss,-191.54,98008.93
313,2026-03-02 16:05:00,2026-03-02 21:05:00,Short,5371.05,5329.6,0.12,5387.26,Opposite Signal,497.4,98506.33
314,2026-03-02 21:05:00,2026-03-03 03:45:00,Long,5329.6,5352.1,0.12,5314.1,Opposite Signal,270.0,98776.33
315,2026-03-03 03:45:00,2026-03-03 04:45:00,Short,5352.1,5365.93,0.14,5365.93,Stop Loss,-193.58,98582.75
316,2026-03-03 05:00:00,2026-03-03 07:00:00,Long,5368.98,5355.72,0.15,5355.72,Stop Loss,-198.95,98383.8
317,2026-03-03 07:30:00,2026-03-03 09:50:00,Short,5348.31,5329.42,0.18,5359.3,Opposite Signal,340.02,98723.82
318,2026-03-03 09:50:00,2026-03-03 10:20:00,Long,5329.42,5314.58,0.13,5314.58,Stop Loss,-192.96,98530.86
319,2026-03-03 10:30:00,2026-03-03 14:50:00,Short,5303.37,5208.6,0.13,5318.46,Opposite Signal,1232.01,99762.87
320,2026-03-03 14:50:00,2026-03-03 15:00:00,Long,5208.6,5176.89,0.06,5176.89,Stop Loss,-190.25,99572.62
321,2026-03-03 15:05:00,2026-03-03 18:20:00,Short,5152.79,5121.09,0.05,5188.51,Opposite Signal,158.5,99731.12
322,2026-03-03 18:20:00,2026-03-03 19:00:00,Long,5121.09,5086.34,0.05,5086.34,Stop Loss,-173.73,99557.39
323,2026-03-03 22:50:00,2026-03-04 01:05:00,Short,5095.74,5115.16,0.1,5115.16,Stop Loss,-194.23,99363.16
324,2026-03-04 01:15:00,2026-03-04 05:00:00,Long,5120.72,5142.82,0.11,5102.99,Opposite Signal,243.1,99606.26
325,2026-03-04 05:00:00,2026-03-04 05:15:00,Short,5142.82,5160.19,0.11,5160.19,Stop Loss,-191.05,99415.21
326,2026-03-04 09:00:00,2026-03-04 10:05:00,Long,5166.99,5150.93,0.12,5150.93,Stop Loss,-192.71,99222.5
327,2026-03-04 14:20:00,2026-03-04 15:10:00,Short,5179.48,5189.9,0.19,5189.9,Stop Loss,-197.97,99024.53
328,2026-03-04 15:10:00,2026-03-04 15:20:00,Long,5192.29,5179.42,0.15,5179.42,Stop Loss,-193.1,98831.43
329,2026-03-04 16:10:00,2026-03-04 16:30:00,Short,5165.39,5179.33,0.14,5179.33,Stop Loss,-195.17,98636.26
330,2026-03-05 01:00:00,2026-03-05 06:45:00,Long,5152.43,5169.95,0.2,5142.67,Opposite Signal,350.4,98986.66
331,2026-03-05 06:45:00,2026-03-05 08:45:00,Short,5169.95,5158.77,0.24,5177.96,Opposite Signal,268.32,99254.98
332,2026-03-05 08:45:00,2026-03-05 10:10:00,Long,5158.77,5145.58,0.15,5145.58,Stop Loss,-197.78,99057.2
333,2026-03-05 10:10:00,2026-03-05 10:30:00,Short,5141.71,5152.81,0.18,5152.81,Stop Loss,-199.84,98857.36
334,2026-03-05 10:45:00,2026-03-05 11:35:00,Long,5168.0,5156.54,0.17,5156.54,Stop Loss,-194.86,98662.5
335,2026-03-05 12:00:00,2026-03-05 12:50:00,Short,5150.0,5162.12,0.16,5162.12,Stop Loss,-194.0,98468.51
336,2026-03-05 22:15:00,2026-03-05 22:25:00,Long,5090.75,5077.04,0.14,5077.04,Stop Loss,-191.94,98276.57
337,2026-03-06 03:00:00,2026-03-06 03:20:00,Short,5075.57,5088.66,0.15,5088.66,Stop Loss,-196.36,98080.21
338,2026-03-06 03:35:00,2026-03-06 07:45:00,Long,5108.66,5115.98,0.13,5094.34,Opposite Signal,95.16,98175.37
339,2026-03-06 07:45:00,2026-03-06 15:30:00,Short,5115.98,5124.18,0.24,5124.18,Stop Loss,-196.82,97978.55
340,2026-03-06 15:30:00,2026-03-06 15:50:00,Long,5123.81,5107.59,0.12,5107.59,Stop Loss,-194.67,97783.88
341,2026-03-06 15:55:00,2026-03-06 16:20:00,Short,5085.31,5104.74,0.1,5104.74,Stop Loss,-194.35,97589.54
342,2026-03-06 16:55:00,2026-03-06 22:30:00,Long,5129.5,5151.29,0.09,5107.77,Opposite Signal,196.11,97785.65
343,2026-03-06 22:30:00,2026-03-06 22:40:00,Short,5151.29,5160.42,0.21,5160.42,Stop Loss,-191.73,97593.92
344,2026-03-06 23:15:00,2026-03-09 01:05:00,Long,5169.57,5160.22,0.21,5160.22,Stop Loss,-196.33,97397.59
345,2026-03-09 01:10:00,2026-03-09 05:10:00,Short,5157.55,5094.44,0.11,5174.73,Opposite Signal,694.21,98091.8
346,2026-03-09 05:10:00,2026-03-09 09:45:00,Long,5094.44,5106.12,0.08,5070.81,Opposite Signal,93.44,98185.24
347,2026-03-09 09:45:00,2026-03-09 12:15:00,Short,5106.12,5117.38,0.14,5120.25,Opposite Signal,-157.64,98027.6
348,2026-03-09 12:15:00,2026-03-09 12:40:00,Long,5117.38,5104.32,0.15,5104.32,Stop Loss,-195.96,97831.64
349,2026-03-09 12:45:00,2026-03-09 15:25:00,Short,5101.04,5109.41,0.13,5115.49,Opposite Signal,-108.81,97722.83
350,2026-03-09 15:25:00,2026-03-09 15:50:00,Long,5109.41,5098.32,0.18,5098.32,Stop Loss,-199.67,97523.16
351,2026-03-09 16:20:00,2026-03-09 16:30:00,Short,5087.19,5098.02,0.18,5098.02,Stop Loss,-195.02,97328.13
352,2026-03-09 16:30:00,2026-03-09 16:35:00,Long,5108.92,5096.86,0.16,5096.86,Stop Loss,-192.91,97135.23
353,2026-03-09 16:40:00,2026-03-09 17:30:00,Short,5076.04,5090.55,0.13,5090.55,Stop Loss,-188.63,96946.6
354,2026-03-09 17:40:00,2026-03-09 17:50:00,Long,5112.32,5094.3,0.11,5094.3,Stop Loss,-198.24,96748.36
355,2026-03-10 06:45:00,2026-03-10 08:00:00,Short,5158.82,5168.8,0.2,5168.8,Stop Loss,-199.61,96548.74
356,2026-03-10 08:50:00,2026-03-10 10:15:00,Long,5175.48,5168.83,0.3,5168.83,Stop Loss,-199.56,96349.18
357,2026-03-10 10:20:00,2026-03-10 10:25:00,Short,5159.79,5167.81,0.24,5167.81,Stop Loss,-192.37,96156.81
358,2026-03-10 10:40:00,2026-03-10 13:25:00,Long,5176.22,5173.7,0.23,5167.8,Opposite Signal,-57.96,96098.85
359,2026-03-10 13:25:00,2026-03-10 13:55:00,Short,5173.7,5177.25,0.24,5181.93,Opposite Signal,-85.2,96013.65
360,2026-03-10 13:55:00,2026-03-10 15:00:00,Long,5177.25,5167.43,0.2,5167.43,Stop Loss,-196.48,95817.17
361,2026-03-10 15:00:00,2026-03-10 15:20:00,Short,5167.57,5177.68,0.19,5177.68,Stop Loss,-192.15,95625.02
362,2026-03-10 15:45:00,2026-03-10 17:05:00,Long,5186.38,5193.23,0.22,5177.38,Opposite Signal,150.7,95775.72
363,2026-03-10 17:05:00,2026-03-10 17:15:00,Short,5193.23,5206.95,0.14,5206.95,Stop Loss,-192.05,95583.68
364,2026-03-10 18:10:00,2026-03-10 21:10:00,Long,5223.48,5215.73,0.15,5210.4,Opposite Signal,-116.25,95467.43
365,2026-03-10 21:10:00,2026-03-10 21:25:00,Short,5215.73,5202.95,0.21,5225.13,Opposite Signal,268.38,95735.81
366,2026-03-10 21:25:00,2026-03-10 22:00:00,Long,5202.95,5185.9,0.11,5185.9,Stop Loss,-187.58,95548.22
367,2026-03-11 05:05:00,2026-03-11 05:35:00,Short,5197.32,5206.76,0.21,5206.76,Stop Loss,-198.3,95349.93
368,2026-03-11 05:50:00,2026-03-11 06:20:00,Long,5219.81,5211.22,0.23,5211.22,Stop Loss,-197.47,95152.46
369,2026-03-11 06:50:00,2026-03-11 07:15:00,Short,5200.38,5207.64,0.27,5207.64,Stop Loss,-195.95,94956.51
370,2026-03-11 17:00:00,2026-03-11 18:10:00,Long,5185.13,5171.7,0.14,5171.7,Stop Loss,-188.01,94768.5
371,2026-03-11 18:55:00,2026-03-11 19:45:00,Short,5166.31,5177.89,0.17,5177.89,Stop Loss,-196.79,94571.71
372,2026-03-11 22:30:00,2026-03-12 01:05:00,Long,5178.15,5172.53,0.35,5172.53,Stop Loss,-196.83,94374.89
373,2026-03-12 01:20:00,2026-03-12 03:35:00,Short,5170.71,5157.73,0.34,5176.45,Opposite Signal,441.32,94816.21
374,2026-03-12 03:35:00,2026-03-12 05:45:00,Long,5157.73,5150.65,0.17,5146.33,Opposite Signal,-120.36,94695.85
375,2026-03-12 05:45:00,2026-03-12 08:45:00,Short,5150.65,5156.64,0.2,5160.19,Opposite Signal,-119.8,94576.05
376,2026-03-12 08:45:00,2026-03-12 09:20:00,Long,5156.64,5149.64,0.28,5149.64,Stop Loss,-196.08,94379.97
377,2026-03-12 14:15:00,2026-03-12 14:40:00,Short,5174.33,5180.34,0.33,5180.34,Stop Loss,-198.34,94181.62
378,2026-03-12 15:50:00,2026-03-12 16:15:00,Long,5183.79,5176.29,0.26,5176.29,Stop Loss,-195.08,93986.55
379,2026-03-12 16:30:00,2026-03-13 01:20:00,Short,5166.48,5093.14,0.2,5176.46,Opposite Signal,1466.8,95453.35
380,2026-03-13 01:20:00,2026-03-13 06:25:00,Long,5093.14,5110.33,0.17,5081.94,Opposite Signal,292.23,95745.58
381,2026-03-13 06:25:00,2026-03-13 07:00:00,Short,5110.33,5117.58,0.27,5117.58,Stop Loss,-195.69,95549.89
382,2026-03-13 12:00:00,2026-03-13 13:30:00,Long,5093.82,5083.11,0.18,5083.11,Stop Loss,-192.81,95357.08
383,2026-03-13 16:30:00,2026-03-13 16:40:00,Short,5102.01,5111.38,0.21,5111.38,Stop Loss,-196.77,95160.32
384,2026-03-16 03:00:00,2026-03-16 04:10:00,Long,5022.13,5004.24,0.11,5004.24,Stop Loss,-196.75,94963.57
385,2026-03-16 04:10:00,2026-03-16 04:15:00,Short,4985.65,5003.43,0.11,5003.43,Stop Loss,-195.59,94767.98
386,2026-03-16 07:00:00,2026-03-16 07:40:00,Long,5023.8,5014.49,0.21,5014.49,Stop Loss,-195.51,94572.47
387,2026-03-16 08:30:00,2026-03-16 08:35:00,Short,5004.01,5010.98,0.28,5010.98,Stop Loss,-195.28,94377.19
388,2026-03-16 08:50:00,2026-03-16 09:45:00,Long,5019.79,5012.59,0.27,5012.59,Stop Loss,-194.3,94182.89
389,2026-03-16 09:45:00,2026-03-16 13:50:00,Short,5012.6,4995.7,0.22,5021.31,Opposite Signal,371.8,94554.69
390,2026-03-16 13:50:00,2026-03-16 14:50:00,Long,4995.7,4998.93,0.19,4985.62,Opposite Signal,61.37,94616.06
391,2026-03-16 14:50:00,2026-03-16 15:15:00,Short,4998.93,5009.51,0.18,5009.51,Stop Loss,-190.53,94425.53
392,2026-03-16 15:25:00,2026-03-16 17:30:00,Long,5022.74,5011.39,0.17,5011.39,Stop Loss,-193.01,94232.52
393,2026-03-16 17:35:00,2026-03-16 20:10:00,Short,5006.26,5002.05,0.17,5017.68,Opposite Signal,71.57,94304.09
394,2026-03-16 20:10:00,2026-03-16 20:30:00,Long,5002.05,4991.67,0.19,4991.67,Stop Loss,-197.27,94106.82
395,2026-03-17 01:20:00,2026-03-17 02:20:00,Short,4999.75,5008.09,0.23,5008.09,Stop Loss,-191.93,93914.89
396,2026-03-17 04:35:00,2026-03-17 08:50:00,Long,5016.43,5026.68,0.24,5008.2,Opposite Signal,246.0,94160.89
397,2026-03-17 08:50:00,2026-03-17 10:35:00,Short,5026.68,5026.77,0.29,5033.38,Opposite Signal,-2.61,94158.28
398,2026-03-17 10:35:00,2026-03-17 10:50:00,Long,5026.77,5018.64,0.24,5018.64,Stop Loss,-195.15,93963.12
399,2026-03-17 13:00:00,2026-03-17 15:20:00,Short,5009.08,5016.46,0.27,5016.46,Stop Loss,-199.13,93763.99
400,2026-03-17 15:20:00,2026-03-17 16:50:00,Long,5016.16,5009.08,0.28,5009.08,Stop Loss,-198.23,93565.76
401,2026-03-17 17:25:00,2026-03-17 17:45:00,Short,5008.34,5018.54,0.19,5018.54,Stop Loss,-193.88,93371.88
402,2026-03-17 21:15:00,2026-03-17 21:30:00,Long,5007.67,5001.12,0.3,5001.12,Stop Loss,-196.49,93175.39
403,2026-03-18 03:25:00,2026-03-18 03:50:00,Short,5002.86,5007.62,0.42,5007.62,Stop Loss,-199.93,92975.47
404,2026-03-18 04:05:00,2026-03-18 04:30:00,Long,5011.99,5006.3,0.35,5006.3,Stop Loss,-199.03,92776.44
405,2026-03-18 04:45:00,2026-03-18 05:20:00,Short,4998.97,5005.04,0.32,5005.04,Stop Loss,-194.38,92582.06
406,2026-03-18 08:35:00,2026-03-18 10:45:00,Long,4997.35,4995.65,0.3,4990.85,Opposite Signal,-51.0,92531.06
407,2026-03-18 10:45:00,2026-03-18 20:00:00,Short,4995.65,4889.23,0.33,5001.68,Opposite Signal,3511.86,96042.92
408,2026-03-18 20:00:00,2026-03-18 21:25:00,Long,4889.23,4878.72,0.19,4878.72,Stop Loss,-199.78,95843.14
409,2026-03-18 21:30:00,2026-03-19 03:00:00,Short,4876.96,4845.75,0.16,4889.21,Opposite Signal,499.36,96342.5
410,2026-03-19 03:00:00,2026-03-19 04:05:00,Long,4845.75,4833.72,0.16,4833.72,Stop Loss,-192.4,96150.09
411,2026-03-19 08:30:00,2026-03-19 16:55:00,Short,4840.66,4620.23,0.3,4847.26,Opposite Signal,6612.9,102762.99
412,2026-03-19 16:55:00,2026-03-19 17:30:00,Long,4620.23,4581.02,0.05,4581.02,Stop Loss,-196.06,102566.94
413,2026-03-20 01:55:00,2026-03-20 03:00:00,Short,4636.41,4650.81,0.13,4650.81,Stop Loss,-187.14,102379.8
414,2026-03-20 03:10:00,2026-03-20 03:20:00,Long,4662.18,4650.41,0.16,4650.41,Stop Loss,-188.38,102191.41
415,2026-03-20 08:30:00,2026-03-20 08:35:00,Short,4702.73,4712.9,0.19,4712.9,Stop Loss,-193.27,101998.14
416,2026-03-20 10:45:00,2026-03-20 11:35:00,Long,4697.76,4704.03,0.16,4685.82,Opposite Signal,100.32,102098.46
417,2026-03-20 11:35:00,2026-03-20 15:00:00,Short,4704.03,4679.61,0.14,4718.07,Opposite Signal,341.88,102440.34
418,2026-03-20 15:00:00,2026-03-20 15:35:00,Long,4679.61,4664.51,0.13,4664.51,Stop Loss,-196.3,102244.04
419,2026-03-20 16:25:00,2026-03-20 19:15:00,Short,4659.89,4601.97,0.13,4674.91,Opposite Signal,752.96,102997.0
420,2026-03-20 19:15:00,2026-03-20 19:30:00,Long,4601.97,4577.36,0.08,4577.36,Stop Loss,-196.9,102800.1
421,2026-03-20 21:20:00,2026-03-23 04:15:00,Short,4546.86,4429.1,0.1,4566.54,Opposite Signal,1177.6,103977.7
422,2026-03-23 04:15:00,2026-03-23 04:55:00,Long,4429.1,4384.73,0.04,4384.73,Stop Loss,-177.46,103800.24
423,2026-03-23 05:50:00,2026-03-23 10:40:00,Short,4359.86,4214.68,0.05,4393.77,Opposite Signal,725.9,104526.14
424,2026-03-23 10:40:00,2026-03-23 12:40:00,Long,4214.68,4225.67,0.04,4165.05,Opposite Signal,43.96,104570.1
425,2026-03-23 12:40:00,2026-03-23 13:10:00,Short,4225.67,4265.24,0.05,4265.24,Stop Loss,-197.83,104372.27
426,2026-03-23 14:05:00,2026-03-23 14:20:00,Long,4406.49,4363.37,0.04,4363.37,Stop Loss,-172.48,104199.79
427,2026-03-23 15:00:00,2026-03-23 15:35:00,Short,4357.07,4411.09,0.03,4411.09,Stop Loss,-162.07,104037.71
428,2026-03-23 15:45:00,2026-03-23 16:25:00,Long,4461.07,4412.64,0.04,4412.64,Stop Loss,-193.73,103843.98
429,2026-03-23 18:35:00,2026-03-23 20:30:00,Short,4420.13,4428.49,0.05,4456.47,Opposite Signal,-41.8,103802.18
430,2026-03-23 20:30:00,2026-03-23 22:10:00,Long,4428.49,4406.68,0.06,4398.41,Opposite Signal,-130.86,103671.32
431,2026-03-23 22:10:00,2026-03-24 01:25:00,Short,4406.68,4414.39,0.07,4431.69,Opposite Signal,-53.97,103617.35
432,2026-03-24 01:25:00,2026-03-24 03:20:00,Long,4414.39,4406.02,0.08,4392.15,Opposite Signal,-66.96,103550.39
433,2026-03-24 03:20:00,2026-03-24 05:30:00,Short,4406.02,4370.2,0.1,4425.3,Opposite Signal,358.2,103908.59
434,2026-03-24 05:30:00,2026-03-24 06:35:00,Long,4370.2,4339.7,0.06,4339.7,Stop Loss,-182.99,103725.6
435,2026-03-24 14:50:00,2026-03-24 15:10:00,Short,4400.79,4422.4,0.09,4422.4,Stop Loss,-194.5,103531.09
436,2026-03-24 17:20:00,2026-03-24 20:30:00,Long,4406.87,4383.68,0.08,4383.68,Stop Loss,-185.55,103345.54
437,2026-03-24 20:30:00,2026-03-24 21:20:00,Short,4382.88,4400.01,0.11,4400.01,Stop Loss,-188.44,103157.1
438,2026-03-24 21:30:00,2026-03-24 21:40:00,Long,4414.42,4398.28,0.12,4398.28,Stop Loss,-193.73,102963.37
439,2026-03-25 08:15:00,2026-03-25 10:15:00,Short,4564.62,4562.21,0.24,4572.93,Opposite Signal,57.84,103021.21
440,2026-03-25 10:15:00,2026-03-25 10:35:00,Long,4562.21,4551.71,0.19,4551.71,Stop Loss,-199.54,102821.67
441,2026-03-25 10:55:00,2026-03-25 11:05:00,Short,4539.55,4550.56,0.18,4550.56,Stop Loss,-198.19,102623.48
442,2026-03-25 11:15:00,2026-03-25 12:35:00,Long,4563.36,4551.27,0.16,4551.27,Stop Loss,-193.45,102430.03
443,2026-03-25 12:45:00,2026-03-25 12:55:00,Short,4537.95,4550.86,0.15,4550.86,Stop Loss,-193.62,102236.41
444,2026-03-25 14:00:00,2026-03-25 15:15:00,Long,4566.14,4562.85,0.18,4555.39,Opposite Signal,-59.22,102177.19
445,2026-03-25 15:15:00,2026-03-25 16:25:00,Short,4562.85,4568.96,0.17,4574.04,Opposite Signal,-103.87,102073.32
446,2026-03-25 16:25:00,2026-03-25 16:45:00,Long,4568.96,4552.42,0.12,4552.42,Stop Loss,-198.48,101874.84
447,2026-03-25 21:55:00,2026-03-25 23:00:00,Short,4538.19,4535.62,0.16,4550.02,Opposite Signal,41.12,101915.96
448,2026-03-25 23:00:00,2026-03-25 23:35:00,Long,4535.62,4519.28,0.12,4519.28,Stop Loss,-196.13,101719.83
449,2026-03-26 02:35:00,2026-03-26 03:00:00,Short,4494.16,4510.18,0.12,4510.18,Stop Loss,-192.2,101527.63
450,2026-03-26 03:10:00,2026-03-26 05:55:00,Long,4527.9,4511.51,0.12,4511.51,Stop Loss,-196.7,101330.93
451,2026-03-26 05:55:00,2026-03-26 07:25:00,Short,4509.01,4521.24,0.16,4521.24,Stop Loss,-195.64,101135.29
452,2026-03-26 10:35:00,2026-03-26 11:10:00,Long,4458.37,4442.6,0.12,4442.6,Stop Loss,-189.29,100946.0
453,2026-03-26 11:25:00,2026-03-26 13:25:00,Short,4428.35,4445.47,0.11,4445.47,Stop Loss,-188.31,100757.68
454,2026-03-26 16:40:00,2026-03-26 18:55:00,Long,4453.71,4436.32,0.11,4436.32,Stop Loss,-191.34,100566.35
455,2026-03-26 19:15:00,2026-03-26 23:10:00,Short,4426.71,4395.11,0.11,4443.91,Opposite Signal,347.6,100913.95
456,2026-03-26 23:10:00,2026-03-26 23:50:00,Long,4395.11,4376.95,0.11,4376.95,Stop Loss,-199.71,100714.24
457,2026-03-26 23:50:00,2026-03-27 01:05:00,Short,4375.58,4398.41,0.08,4398.41,Stop Loss,-182.61,100531.63
458,2026-03-27 04:25:00,2026-03-27 08:55:00,Long,4406.57,4454.48,0.16,4394.07,Opposite Signal,766.56,101298.19
459,2026-03-27 08:55:00,2026-03-27 09:10:00,Short,4454.48,4464.52,0.19,4464.52,Stop Loss,-190.8,101107.39
460,2026-03-27 15:25:00,2026-03-27 16:25:00,Long,4429.62,4418.76,0.18,4418.76,Stop Loss,-195.41,100911.98
461,2026-03-27 20:20:00,2026-03-27 21:30:00,Short,4497.77,4513.37,0.12,4513.37,Stop Loss,-187.24,100724.74
462,2026-03-27 21:35:00,2026-03-27 22:40:00,Long,4518.51,4503.94,0.13,4503.94,Stop Loss,-189.43,100535.3
463,2026-03-27 23:50:00,2026-03-30 01:00:00,Short,4494.95,4506.78,0.16,4506.78,Stop Loss,-189.21,100346.1
464,2026-03-30 04:30:00,2026-03-30 10:30:00,Long,4467.1,4517.2,0.09,4446.34,Opposite Signal,450.9,100797.0
465,2026-03-30 10:30:00,2026-03-30 11:00:00,Short,4517.2,4529.33,0.16,4529.33,Stop Loss,-194.06,100602.93
466,2026-03-30 14:15:00,2026-03-30 14:20:00,Long,4544.63,4535.21,0.21,4535.21,Stop Loss,-197.88,100405.05
467,2026-03-30 16:40:00,2026-03-30 18:45:00,Short,4544.25,4552.38,0.13,4558.55,Opposite Signal,-105.69,100299.36
468,2026-03-30 18:45:00,2026-03-30 19:05:00,Long,4552.38,4538.26,0.14,4538.26,Stop Loss,-197.65,100101.71
469,2026-03-30 20:10:00,2026-03-31 02:40:00,Short,4522.67,4518.66,0.16,4535.01,Opposite Signal,64.16,100165.87
470,2026-03-31 02:40:00,2026-03-31 02:55:00,Long,4518.66,4508.34,0.19,4508.34,Stop Loss,-196.1,99969.78
471,2026-03-31 03:15:00,2026-03-31 03:25:00,Short,4496.39,4509.62,0.15,4509.62,Stop Loss,-198.39,99771.38
472,2026-03-31 03:35:00,2026-03-31 05:45:00,Long,4529.93,4570.74,0.12,4513.45,Opposite Signal,489.72,100261.1
473,2026-03-31 05:45:00,2026-03-31 08:30:00,Short,4570.74,4575.52,0.1,4589.39,Opposite Signal,-47.8,100213.3
474,2026-03-31 08:30:00,2026-03-31 09:00:00,Long,4575.52,4563.17,0.16,4563.17,Stop Loss,-197.58,100015.72
475,2026-03-31 09:15:00,2026-03-31 11:00:00,Short,4554.99,4566.34,0.17,4566.34,Stop Loss,-193.03,99822.69
476,2026-03-31 11:00:00,2026-03-31 12:30:00,Long,4568.18,4557.87,0.19,4557.87,Stop Loss,-195.85,99626.84
477,2026-03-31 12:35:00,2026-03-31 12:50:00,Short,4551.05,4560.39,0.21,4560.39,Stop Loss,-196.18,99430.66
478,2026-03-31 14:15:00,2026-04-01 04:20:00,Long,4566.91,4695.12,0.15,4553.64,Opposite Signal,1923.15,101353.81
479,2026-04-01 04:20:00,2026-04-01 08:30:00,Short,4695.12,4693.28,0.13,4710.4,Opposite Signal,23.92,101377.73
480,2026-04-01 08:30:00,2026-04-01 08:55:00,Long,4693.28,4684.8,0.23,4684.8,Stop Loss,-194.96,101182.78
481,2026-04-01 08:55:00,2026-04-01 09:10:00,Short,4684.2,4693.51,0.21,4693.51,Stop Loss,-195.6,100987.17
482,2026-04-01 09:20:00,2026-04-01 10:50:00,Long,4709.02,4713.64,0.19,4698.59,Opposite Signal,87.78,101074.95
483,2026-04-01 10:50:00,2026-04-01 11:20:00,Short,4713.64,4728.07,0.13,4728.07,Stop Loss,-187.63,100887.32
484,2026-04-01 13:45:00,2026-04-01 15:15:00,Long,4737.03,4739.17,0.2,4727.48,Opposite Signal,42.8,100930.12
485,2026-04-01 15:15:00,2026-04-01 15:40:00,Short,4739.17,4749.75,0.18,4749.75,Stop Loss,-190.44,100739.68
486,2026-04-01 17:40:00,2026-04-01 21:00:00,Long,4753.99,4764.34,0.11,4736.81,Opposite Signal,113.85,100853.53
487,2026-04-01 21:00:00,2026-04-01 22:35:00,Short,4764.34,4774.0,0.2,4774.0,Stop Loss,-193.11,100660.42
488,2026-04-01 22:35:00,2026-04-01 22:50:00,Long,4775.05,4764.45,0.18,4764.45,Stop Loss,-190.83,100469.59
489,2026-04-02 01:05:00,2026-04-02 01:20:00,Short,4753.72,4763.11,0.21,4763.11,Stop Loss,-197.21,100272.38
490,2026-04-02 01:30:00,2026-04-02 04:00:00,Long,4776.91,4766.89,0.19,4766.89,Stop Loss,-190.29,100082.09
491,2026-04-02 04:00:00,2026-04-02 04:10:00,Short,4743.73,4759.04,0.13,4759.04,Stop Loss,-199.08,99883.01
492,2026-04-02 10:10:00,2026-04-02 14:35:00,Long,4621.13,4608.7,0.09,4599.91,Opposite Signal,-111.87,99771.14
493,2026-04-02 14:35:00,2026-04-02 15:20:00,Short,4608.7,4621.81,0.15,4621.81,Stop Loss,-196.67,99574.47
494,2026-04-02 15:20:00,2026-04-02 15:55:00,Long,4628.26,4613.31,0.13,4613.31,Stop Loss,-194.4,99380.07
495,2026-04-02 16:00:00,2026-04-02 16:05:00,Short,4595.01,4611.21,0.12,4611.21,Stop Loss,-194.44,99185.62
496,2026-04-02 16:45:00,2026-04-06 01:00:00,Long,4634.25,4632.1,0.09,4612.59,Opposite Signal,-19.35,99166.27
497,2026-04-06 01:00:00,2026-04-06 01:05:00,Short,4632.1,4644.75,0.15,4644.75,Stop Loss,-189.75,98976.53
498,2026-04-06 04:10:00,2026-04-06 04:15:00,Long,4641.75,4626.84,0.13,4626.84,Stop Loss,-193.81,98782.71
499,2026-04-06 06:05:00,2026-04-06 07:00:00,Short,4630.76,4645.27,0.13,4645.27,Stop Loss,-188.62,98594.1
500,2026-04-06 07:50:00,2026-04-06 08:55:00,Long,4656.07,4652.62,0.22,4647.17,Opposite Signal,-75.9,98518.2
501,2026-04-06 08:55:00,2026-04-06 09:50:00,Short,4652.62,4662.74,0.19,4662.74,Stop Loss,-192.29,98325.91
502,2026-04-06 10:45:00,2026-04-06 14:40:00,Long,4672.11,4685.22,0.19,4661.98,Opposite Signal,249.09,98575.0
503,2026-04-06 14:40:00,2026-04-06 17:20:00,Short,4685.22,4685.65,0.23,4693.9,Opposite Signal,-9.89,98565.11
504,2026-04-06 17:20:00,2026-04-06 18:00:00,Long,4685.65,4670.6,0.13,4670.6,Stop Loss,-195.65,98369.46
505,2026-04-06 18:10:00,2026-04-07 01:00:00,Short,4662.29,4660.79,0.13,4677.38,Opposite Signal,19.5,98388.96
506,2026-04-07 01:00:00,2026-04-07 02:35:00,Long,4660.79,4653.09,0.25,4653.09,Stop Loss,-192.54,98196.41
507,2026-04-07 04:05:00,2026-04-07 04:20:00,Short,4644.37,4656.34,0.16,4656.34,Stop Loss,-191.59,98004.82
508,2026-04-07 07:40:00,2026-04-07 08:10:00,Long,4661.98,4654.37,0.26,4654.37,Stop Loss,-197.74,97807.07
509,2026-04-07 08:20:00,2026-04-07 09:40:00,Short,4647.26,4652.52,0.28,4654.3,Opposite Signal,-147.28,97659.79
510,2026-04-07 09:40:00,2026-04-07 10:25:00,Long,4652.52,4642.35,0.19,4642.35,Stop Loss,-193.27,97466.53
511,2026-04-07 12:40:00,2026-04-07 13:05:00,Short,4667.19,4679.53,0.16,4679.53,Stop Loss,-197.49,97269.04
512,2026-04-07 15:20:00,2026-04-07 15:45:00,Long,4666.54,4652.8,0.14,4652.8,Stop Loss,-192.41,97076.63
513,2026-04-07 16:40:00,2026-04-07 16:55:00,Short,4639.72,4653.65,0.14,4653.65,Stop Loss,-194.96,96881.67
514,2026-04-07 17:30:00,2026-04-07 17:55:00,Long,4653.16,4634.34,0.1,4634.34,Stop Loss,-188.16,96693.51
515,2026-04-07 21:55:00,2026-04-07 22:15:00,Short,4662.17,4672.69,0.19,4672.69,Stop Loss,-199.83,96493.68
516,2026-04-07 22:15:00,2026-04-08 04:20:00,Long,4690.1,4801.43,0.16,4677.67,Opposite Signal,1781.28,98274.96
517,2026-04-08 04:20:00,2026-04-08 05:00:00,Short,4801.43,4821.54,0.09,4821.54,Stop Loss,-180.95,98094.01
518,2026-04-08 08:10:00,2026-04-08 10:00:00,Long,4809.3,4812.82,0.23,4800.72,Opposite Signal,80.96,98174.97
519,2026-04-08 10:00:00,2026-04-08 15:00:00,Short,4812.82,4803.88,0.17,4824.16,Opposite Signal,151.98,98326.95
520,2026-04-08 15:00:00,2026-04-08 15:15:00,Long,4803.88,4792.91,0.18,4792.91,Stop Loss,-197.45,98129.5
521,2026-04-08 15:20:00,2026-04-08 15:25:00,Short,4769.39,4782.96,0.14,4782.96,Stop Loss,-189.95,97939.55
522,2026-04-08 15:35:00,2026-04-08 16:30:00,Long,4796.64,4782.64,0.14,4782.64,Stop Loss,-196.01,97743.54
523,2026-04-08 16:35:00,2026-04-08 17:00:00,Short,4777.23,4791.29,0.14,4791.29,Stop Loss,-196.83,97546.71
524,2026-04-08 22:45:00,2026-04-09 01:00:00,Long,4725.91,4714.52,0.17,4714.52,Stop Loss,-193.57,97353.14
525,2026-04-09 02:05:00,2026-04-09 02:50:00,Short,4707.4,4717.92,0.19,4717.92,Stop Loss,-199.96,97153.18
526,2026-04-09 04:10:00,2026-04-09 04:20:00,Long,4720.5,4709.53,0.18,4709.53,Stop Loss,-197.38,96955.8
527,2026-04-09 06:10:00,2026-04-09 07:10:00,Short,4712.56,4721.3,0.22,4721.3,Stop Loss,-192.29,96763.51
528,2026-04-09 08:25:00,2026-04-09 08:30:00,Long,4726.27,4719.17,0.28,4719.17,Stop Loss,-198.75,96564.76
529,2026-04-09 08:50:00,2026-04-09 09:00:00,Short,4708.59,4717.18,0.23,4717.18,Stop Loss,-197.58,96367.18
530,2026-04-09 10:35:00,2026-04-09 10:45:00,Long,4729.24,4716.98,0.16,4716.98,Stop Loss,-196.15,96171.04
531,2026-04-09 15:10:00,2026-04-09 16:10:00,Short,4742.47,4750.13,0.26,4750.13,Stop Loss,-199.27,95971.76
532,2026-04-09 16:10:00,2026-04-09 21:20:00,Long,4754.81,4780.4,0.21,4745.57,Opposite Signal,537.39,96509.15
533,2026-04-09 21:20:00,2026-04-10 04:30:00,Short,4780.4,4771.36,0.18,4790.94,Opposite Signal,162.72,96671.87
534,2026-04-10 04:30:00,2026-04-10 04:50:00,Long,4771.36,4763.14,0.24,4763.14,Stop Loss,-197.18,96474.69
535,2026-04-10 05:00:00,2026-04-10 06:35:00,Short,4755.17,4764.41,0.21,4764.41,Stop Loss,-194.04,96280.65
536,2026-04-10 06:35:00,2026-04-10 09:10:00,Long,4765.07,4756.96,0.24,4756.96,Stop Loss,-194.75,96085.9
537,2026-04-10 09:10:00,2026-04-10 12:15:00,Short,4756.27,4759.38,0.32,4762.41,Opposite Signal,-99.52,95986.38
538,2026-04-10 12:15:00,2026-04-10 12:25:00,Long,4759.38,4750.18,0.21,4750.18,Stop Loss,-193.25,95793.13
539,2026-04-10 18:35:00,2026-04-10 21:35:00,Short,4760.5,4771.74,0.15,4773.29,Opposite Signal,-168.6,95624.53
540,2026-04-10 21:35:00,2026-04-10 22:30:00,Long,4771.74,4763.07,0.23,4763.07,Stop Loss,-199.38,95425.15
541,2026-04-10 23:00:00,2026-04-13 03:30:00,Short,4752.9,4679.89,0.29,4759.72,Opposite Signal,2117.29,97542.44
542,2026-04-13 03:30:00,2026-04-13 11:40:00,Long,4679.89,4721.29,0.17,4668.7,Opposite Signal,703.8,98246.24
543,2026-04-13 11:40:00,2026-04-13 11:45:00,Short,4721.29,4729.27,0.25,4729.27,Stop Loss,-199.4,98046.84
544,2026-04-13 15:50:00,2026-04-13 17:15:00,Long,4723.7,4718.45,0.22,4714.74,Opposite Signal,-115.5,97931.34
545,2026-04-13 17:15:00,2026-04-13 19:20:00,Short,4718.45,4730.78,0.16,4730.78,Stop Loss,-197.28,97734.06
546,2026-04-13 19:25:00,2026-04-14 08:10:00,Long,4730.35,4765.4,0.18,4719.48,Opposite Signal,630.9,98364.96
547,2026-04-14 08:10:00,2026-04-14 09:45:00,Short,4765.4,4770.26,0.41,4770.26,Stop Loss,-199.31,98165.65
548,2026-04-14 09:45:00,2026-04-14 10:20:00,Long,4772.26,4772.67,0.33,4766.24,Opposite Signal,13.53,98179.18
549,2026-04-14 10:20:00,2026-04-14 11:10:00,Short,4772.67,4781.91,0.21,4781.91,Stop Loss,-194.01,97985.17
550,2026-04-14 16:15:00,2026-04-15 01:50:00,Long,4787.54,4836.24,0.2,4778.0,Opposite Signal,974.0,98959.17
551,2026-04-15 01:50:00,2026-04-15 02:05:00,Short,4836.24,4842.28,0.33,4842.28,Stop Loss,-199.36,98759.81
552,2026-04-15 04:10:00,2026-04-15 04:45:00,Long,4850.3,4841.88,0.23,4841.88,Stop Loss,-193.57,98566.24
553,2026-04-15 05:15:00,2026-04-15 14:50:00,Short,4842.58,4814.07,0.19,4852.9,Opposite Signal,541.69,99107.93
554,2026-04-15 14:50:00,2026-04-15 18:00:00,Long,4814.07,4810.24,0.26,4806.55,Opposite Signal,-99.58,99008.35
555,2026-04-15 18:00:00,2026-04-16 01:00:00,Short,4810.24,4797.65,0.23,4818.65,Opposite Signal,289.57,99297.92
556,2026-04-16 01:00:00,2026-04-16 01:10:00,Long,4797.65,4791.93,0.34,4791.93,Stop Loss,-194.55,99103.36
557,2026-04-16 04:35:00,2026-04-16 04:45:00,Short,4812.86,4820.01,0.27,4820.01,Stop Loss,-193.01,98910.36
558,2026-04-16 07:15:00,2026-04-16 08:30:00,Long,4827.27,4826.62,0.38,4822.1,Opposite Signal,-24.7,98885.66
559,2026-04-16 08:30:00,2026-04-16 10:05:00,Short,4826.62,4830.18,0.41,4831.45,Opposite Signal,-145.96,98739.7
560,2026-04-16 10:05:00,2026-04-16 10:15:00,Long,4830.18,4822.86,0.27,4822.86,Stop Loss,-197.72,98541.97
561,2026-04-16 11:00:00,2026-04-16 14:00:00,Short,4814.06,4820.01,0.25,4821.92,Opposite Signal,-148.75,98393.22
562,2026-04-16 14:00:00,2026-04-16 15:10:00,Long,4820.01,4814.19,0.34,4814.19,Stop Loss,-197.73,98195.49
563,2026-04-16 16:50:00,2026-04-16 17:10:00,Short,4794.54,4805.15,0.18,4805.15,Stop Loss,-191.04,98004.45
564,2026-04-17 02:15:00,2026-04-17 02:30:00,Long,4796.44,4792.34,0.48,4792.34,Stop Loss,-196.96,97807.5
565,2026-04-17 03:00:00,2026-04-17 03:25:00,Short,4788.35,4792.43,0.49,4792.43,Stop Loss,-199.89,97607.61
566,2026-04-17 03:40:00,2026-04-17 04:00:00,Long,4798.53,4793.65,0.4,4793.65,Stop Loss,-195.23,97412.38
567,2026-04-17 04:00:00,2026-04-17 04:50:00,Short,4789.37,4786.5,0.36,4794.82,Opposite Signal,103.32,97515.7
568,2026-04-17 04:50:00,2026-04-17 08:55:00,Long,4786.5,4794.15,0.22,4777.63,Opposite Signal,168.3,97684.0
569,2026-04-17 08:55:00,2026-04-17 11:40:00,Short,4794.15,4796.98,0.35,4799.81,Opposite Signal,-99.05,97584.95
570,2026-04-17 11:40:00,2026-04-17 13:00:00,Long,4796.98,4789.86,0.28,4789.86,Stop Loss,-199.28,97385.66
571,2026-04-17 13:40:00,2026-04-17 14:20:00,Short,4785.0,4790.63,0.35,4790.63,Stop Loss,-196.91,97188.76
572,2026-04-17 14:40:00,2026-04-17 16:25:00,Long,4798.66,4851.48,0.32,4792.46,Opposite Signal,1690.24,98879.0
573,2026-04-17 16:25:00,2026-04-17 16:35:00,Short,4851.48,4867.88,0.12,4867.88,Stop Loss,-196.81,98682.19
574,2026-04-20 03:55:00,2026-04-20 07:30:00,Long,4772.39,4789.11,0.17,4761.23,Opposite Signal,284.24,98966.43
575,2026-04-20 07:30:00,2026-04-20 08:30:00,Short,4789.11,4795.13,0.33,4795.13,Stop Loss,-198.79,98767.64
576,2026-04-20 10:00:00,2026-04-20 10:50:00,Long,4797.72,4789.93,0.25,4789.93,Stop Loss,-194.63,98573.01
577,2026-04-20 12:30:00,2026-04-20 12:45:00,Short,4786.08,4792.68,0.3,4792.68,Stop Loss,-197.98,98375.04
578,2026-04-20 13:15:00,2026-04-20 14:00:00,Long,4800.15,4792.99,0.27,4792.99,Stop Loss,-193.37,98181.67
579,2026-04-20 17:55:00,2026-04-20 21:10:00,Short,4805.39,4815.55,0.17,4816.99,Opposite Signal,-172.72,98008.95
580,2026-04-20 21:10:00,2026-04-21 03:25:00,Long,4815.55,4819.88,0.3,4809.04,Opposite Signal,129.9,98138.85
581,2026-04-21 03:25:00,2026-04-21 03:45:00,Short,4819.88,4824.9,0.39,4824.9,Stop Loss,-195.79,97943.06
582,2026-04-21 10:45:00,2026-04-21 11:05:00,Long,4790.53,4783.3,0.27,4783.3,Stop Loss,-195.09,97747.97
583,2026-04-21 11:10:00,2026-04-21 11:15:00,Short,4775.99,4783.66,0.26,4783.66,Stop Loss,-199.34,97548.63
584,2026-04-21 11:40:00,2026-04-21 12:00:00,Long,4791.74,4784.03,0.25,4784.03,Stop Loss,-192.85,97355.77
585,2026-04-21 15:20:00,2026-04-21 15:35:00,Short,4782.65,4789.6,0.28,4789.6,Stop Loss,-194.48,97161.29
586,2026-04-21 16:40:00,2026-04-21 16:55:00,Long,4789.08,4778.06,0.18,4778.06,Stop Loss,-198.3,96962.99
587,2026-04-21 17:35:00,2026-04-21 18:15:00,Short,4761.62,4755.33,0.18,4772.67,Opposite Signal,113.22,97076.21
588,2026-04-21 18:15:00,2026-04-21 18:35:00,Long,4755.33,4740.26,0.13,4740.26,Stop Loss,-195.89,96880.32
