date_entry,date_exit,direction,entry,sl,tp1,tp2,tp3,qty,risk_usd,sl_bucket,tp1_hit,tp2_hit,exit_reason,exit_price,pnl,r_multiple
2023-01-05 10:00:00+00:00,2023-01-06 17:00:00+00:00,SELL,1846.4,1857.192434543642,1835.607565456358,1830.2113481845372,1824.815130912716,9.2657,100.0,SL <= 15.0,True,True,SL,1857.192434543642,-100.0,-1.0
2023-01-12 14:00:00+00:00,2023-01-12 15:00:00+00:00,BUY,1887.44,1880.1723815348241,1894.707618465176,1898.341427697764,1901.975236930352,13.7597,100.0,SL <= 15.0,False,False,SL,1880.1723815348241,-100.0,-1.0
2023-01-16 03:00:00+00:00,2023-01-16 08:00:00+00:00,BUY,1924.18,1915.1857500640754,1933.1742499359248,1937.6713749038872,1942.1684998718495,11.1182,100.0,SL <= 15.0,False,False,SL,1915.1857500640754,-100.0,-1.0
2023-01-18 05:00:00+00:00,2023-01-18 10:00:00+00:00,SELL,1900.08,1911.6504150776145,1888.5095849223853,1882.724377383578,1876.9391698447707,8.6427,100.0,SL <= 15.0,False,False,SL,1911.6504150776145,-100.0,-1.0
2023-01-18 14:00:00+00:00,2023-01-18 18:00:00+00:00,BUY,1917.39,1906.4235953395778,1928.3564046604224,1933.8396069906335,1939.3228093208447,9.1188,100.0,SL <= 15.0,False,False,SL,1906.4235953395778,-100.0,-1.0
2023-01-19 16:00:00+00:00,2023-01-24 10:00:00+00:00,BUY,1917.48,1905.2723435178605,1929.6876564821396,1935.7914847232094,1941.8953129642791,8.1916,100.0,SL <= 15.0,True,True,TP3,1941.8953129642791,200.0,2.0
2023-01-25 20:00:00+00:00,2023-01-26 18:00:00+00:00,BUY,1940.01,1920.021218378816,1959.998781621184,1969.993172431776,1979.987563242368,5.0028,100.0,SL 15.0-30.0,False,False,SL,1920.021218378816,-100.0,-1.0
2023-01-31 06:00:00+00:00,2023-01-31 11:00:00+00:00,SELL,1920.16,1928.5122425954617,1911.8077574045385,1907.6316361068077,1903.455514809077,11.9728,100.0,SL <= 15.0,True,True,TP3,1903.455514809077,200.0,2.0
2023-01-31 17:00:00+00:00,2023-02-03 15:00:00+00:00,BUY,1928.59,1898.980307198969,1958.1996928010308,1973.0045392015463,1987.8093856020616,3.3773,100.0,SL 15.0-30.0,True,False,SL,1898.980307198969,-100.0,-1.0
2023-02-09 19:00:00+00:00,2023-02-17 10:00:00+00:00,SELL,1868.42,1892.1239558218274,1844.7160441781728,1832.8640662672592,1821.0120883563454,4.2187,100.0,SL 15.0-30.0,True,True,TP3,1821.0120883563454,200.0,2.0
2023-02-20 07:00:00+00:00,2023-02-21 09:00:00+00:00,BUY,1844.42,1836.8153155991436,1852.0246844008566,1855.8270266012848,1859.629368801713,13.1498,100.0,SL <= 15.0,False,False,SL,1836.8153155991436,-100.0,-1.0
2023-02-23 18:00:00+00:00,2023-03-01 06:00:00+00:00,SELL,1819.94,1831.549182701108,1808.330817298892,1802.526225948338,1796.721634597784,8.6139,100.0,SL <= 15.0,True,False,SL,1831.549182701108,-100.0,-1.0
2023-03-01 08:00:00+00:00,2023-03-03 21:00:00+00:00,BUY,1834.72,1826.3166740024822,1843.123325997518,1847.3249889962767,1851.5266519950358,11.9001,100.0,SL <= 15.0,True,True,TP3,1851.5266519950358,200.0,2.0
2023-03-06 20:00:00+00:00,2023-03-07 16:00:00+00:00,SELL,1847.06,1855.0799658745482,1839.0400341254517,1835.0300511881776,1831.0200682509035,12.4689,100.0,SL <= 15.0,True,True,TP3,1831.0200682509035,200.0,2.0
2023-03-10 14:00:00+00:00,2023-03-10 16:00:00+00:00,BUY,1836.65,1829.6078615663537,1843.6921384336465,1847.2132076504697,1850.734276867293,14.2002,100.0,SL <= 15.0,True,True,TP3,1850.734276867293,200.0,2.0
2023-03-13 15:00:00+00:00,2023-03-17 17:00:00+00:00,BUY,1899.35,1872.9014601039512,1925.7985398960486,1939.022809844073,1952.2470797920973,3.7809,100.0,SL 15.0-30.0,True,True,TP3,1952.2470797920973,200.0,2.0
2023-03-20 09:00:00+00:00,2023-03-20 17:00:00+00:00,BUY,1988.59,1966.8471300086767,2010.3328699913232,2021.2043049869849,2032.0757399826464,4.5992,100.0,SL 15.0-30.0,False,False,SL,1966.8471300086767,-100.0,-1.0
2023-03-24 20:00:00+00:00,2023-04-04 17:00:00+00:00,SELL,1979.75,2004.202301028486,1955.297698971514,1943.0715484572709,1930.8453979430278,4.0896,100.0,SL 15.0-30.0,True,False,SL,2004.202301028486,-100.0,-1.0
2023-04-05 10:00:00+00:00,2023-04-05 17:00:00+00:00,BUY,2025.39,2020.5624705979565,2030.2175294020437,2032.6312941030656,2035.0450588040874,20.7145,100.0,SL <= 5.0,True,False,SL,2020.5624705979565,-100.0,-1.0
2023-04-06 16:00:00+00:00,2023-04-12 15:00:00+00:00,SELL,2003.59,2022.5523345543227,1984.6276654456772,1975.1464981685158,1965.6653308913544,5.2736,100.0,SL 15.0-30.0,True,False,SL,2022.5523345543227,-100.0,-1.0
2023-04-14 17:00:00+00:00,2023-05-04 01:00:00+00:00,SELL,1998.49,2044.4800421598657,1952.4999578401344,1929.5049367602014,1906.5099156802687,2.1744,100.0,AVOID: SL > 30.0,False,False,SL,2044.4800421598657,-100.0,-1.0
2023-05-05 15:00:00+00:00,2023-05-10 15:00:00+00:00,SELL,2010.34,2043.7389548363672,1976.9410451636327,1960.2415677454492,1943.5420903272654,2.9941,100.0,AVOID: SL > 30.0,False,False,SL,2043.7389548363672,-100.0,-1.0
2023-05-12 05:00:00+00:00,2023-05-12 16:00:00+00:00,SELL,2010.74,2019.0682431059163,2002.4117568940837,1998.2476353411257,1994.0835137881675,12.0073,100.0,SL <= 15.0,True,False,SL,2019.0682431059163,-100.0,-1.0
2023-05-16 18:00:00+00:00,2023-05-18 17:00:00+00:00,SELL,1995.95,2016.320857485957,1975.579142514043,1965.3937137710645,1955.208285028086,4.909,100.0,SL 15.0-30.0,True,True,TP3,1955.208285028086,200.0,2.0
2023-05-23 03:00:00+00:00,2023-05-23 20:00:00+00:00,SELL,1967.29,1975.0398007513115,1959.5401992486884,1955.6652988730325,1951.7903984973768,12.9036,100.0,SL <= 15.0,True,True,SL,1975.0398007513115,-100.0,-1.0
2023-05-24 08:00:00+00:00,2023-05-24 09:00:00+00:00,BUY,1979.43,1971.554258097959,1987.305741902041,1991.2436128530617,1995.181483804082,12.6972,100.0,SL <= 15.0,False,False,SL,1971.554258097959,-100.0,-1.0
2023-05-24 17:00:00+00:00,2023-05-30 08:00:00+00:00,SELL,1969.46,1986.6762800321076,1952.2437199678925,1943.6355799518387,1935.027439935785,5.8085,100.0,SL 15.0-30.0,True,True,TP3,1935.027439935785,200.0,2.0
2023-05-31 16:00:00+00:00,2023-06-01 11:00:00+00:00,BUY,1969.68,1953.4693365067972,1985.890663493203,1993.9959952398044,2002.1013269864059,6.1688,100.0,SL 15.0-30.0,False,False,SL,1953.4693365067972,-100.0,-1.0
2023-06-01 14:00:00+00:00,2023-06-02 20:00:00+00:00,BUY,1967.89,1952.0806169313491,1983.699383068651,1991.6040746029767,1999.508766137302,6.3254,100.0,SL 15.0-30.0,False,False,SL,1952.0806169313491,-100.0,-1.0
2023-06-07 18:00:00+00:00,2023-06-09 15:00:00+00:00,SELL,1947.14,1971.7740379337256,1922.5059620662746,1910.188943099412,1897.871924132549,4.0594,100.0,SL 15.0-30.0,False,False,SL,1971.7740379337256,-100.0,-1.0
2023-06-12 04:00:00+00:00,2023-06-12 11:00:00+00:00,SELL,1955.91,1962.0988727652507,1949.7211272347495,1946.6266908521243,1943.5322544694989,16.158,100.0,SL <= 15.0,False,False,SL,1962.0988727652507,-100.0,-1.0
2023-06-16 09:00:00+00:00,2023-06-16 17:00:00+00:00,BUY,1960.9,1953.347622438013,1968.452377561987,1972.2285663429807,1976.004755123974,13.2409,100.0,SL <= 15.0,False,False,SL,1953.347622438013,-100.0,-1.0
2023-06-22 17:00:00+00:00,2023-06-23 16:00:00+00:00,SELL,1915.29,1932.285019643263,1898.294980356737,1889.7974705351053,1881.2999607134739,5.8841,100.0,SL 15.0-30.0,False,False,SL,1932.285019643263,-100.0,-1.0
2023-07-05 20:00:00+00:00,2023-07-11 09:00:00+00:00,SELL,1919.73,1936.1363634046372,1903.3236365953628,1895.120454893044,1886.9172731907256,6.0952,100.0,SL 15.0-30.0,True,False,SL,1936.1363634046372,-100.0,-1.0
2023-07-12 05:00:00+00:00,2023-07-12 17:00:00+00:00,BUY,1940.09,1931.2903816120963,1948.8896183879035,1953.2894275818553,1957.689236775807,11.3641,100.0,SL <= 15.0,True,True,TP3,1957.689236775807,200.0,2.0
2023-07-13 05:00:00+00:00,2023-07-13 08:00:00+00:00,BUY,1960.08,1955.3084422042657,1964.8515577957342,1967.2373366936013,1969.6231155914684,20.9575,100.0,SL <= 5.0,False,False,SL,1955.3084422042657,-100.0,-1.0
2023-07-18 07:00:00+00:00,2023-07-18 17:00:00+00:00,BUY,1960.01,1953.8207011935615,1966.1992988064385,1969.2939482096576,1972.388597612877,16.1569,100.0,SL <= 15.0,True,True,TP3,1972.388597612877,200.0,2.0
2023-07-20 04:00:00+00:00,2023-07-20 15:00:00+00:00,BUY,1984.9,1975.8538673020726,1993.9461326979276,1998.4691990468914,2002.9922653958552,11.0544,100.0,SL <= 15.0,False,False,SL,1975.8538673020726,-100.0,-1.0
2023-07-20 18:00:00+00:00,2023-08-02 17:00:00+00:00,SELL,1968.66,1983.7625317573784,1953.5574682426218,1946.0062023639325,1938.4549364852435,6.6214,100.0,SL 15.0-30.0,True,True,TP3,1938.4549364852435,200.0,2.0
2023-08-14 16:00:00+00:00,2023-08-23 16:00:00+00:00,SELL,1904.2,1915.9703078022226,1892.4296921977775,1886.5445382966664,1880.659384395555,8.496,100.0,SL <= 15.0,True,True,SL,1915.9703078022226,-100.0,-1.0
2023-08-24 06:00:00+00:00,2023-08-24 15:00:00+00:00,BUY,1920.97,1915.3281030362173,1926.6118969637828,1929.432845445674,1932.2537939275655,17.7245,100.0,SL <= 15.0,False,False,SL,1915.3281030362173,-100.0,-1.0
2023-09-01 12:00:00+00:00,2023-09-01 17:00:00+00:00,BUY,1944.25,1937.7329392005186,1950.7670607994814,1954.0255911992222,1957.2841215989629,15.3443,100.0,SL <= 15.0,True,False,SL,1937.7329392005186,-100.0,-1.0
2023-09-05 04:00:00+00:00,2023-09-05 15:00:00+00:00,SELL,1935.88,1939.420180081217,1932.3398199187832,1930.5697298781747,1928.7996398375662,28.2472,100.0,SL <= 5.0,True,True,TP3,1928.7996398375662,200.0,2.0
2023-09-06 03:00:00+00:00,2023-09-06 08:00:00+00:00,SELL,1924.75,1927.994207688824,1921.505792311176,1919.883688466764,1918.261584622352,30.8242,100.0,SL <= 5.0,False,False,SL,1927.994207688824,-100.0,-1.0
2023-09-07 14:00:00+00:00,2023-09-07 15:00:00+00:00,BUY,1921.86,1916.321145778507,1927.398854221493,1930.1682813322395,1932.937708442986,18.0543,100.0,SL <= 15.0,False,False,SL,1916.321145778507,-100.0,-1.0
2023-09-12 08:00:00+00:00,2023-09-12 15:00:00+00:00,SELL,1920.23,1925.1470171578965,1915.3129828421036,1912.8544742631552,1910.395965684207,20.3375,100.0,SL <= 5.0,True,True,TP3,1910.395965684207,200.0,2.0
2023-09-14 09:00:00+00:00,2023-09-14 19:00:00+00:00,SELL,1907.25,1912.085494627694,1902.414505372306,1899.996758058459,1897.5790107446119,20.6804,100.0,SL <= 5.0,True,False,SL,1912.085494627694,-100.0,-1.0
2023-09-15 04:00:00+00:00,2023-09-15 17:00:00+00:00,BUY,1915.28,1908.282728828141,1922.277271171859,1925.7759067577886,1929.274542343718,14.2913,100.0,SL <= 15.0,True,True,TP3,1929.274542343718,200.0,2.0
2023-09-19 12:00:00+00:00,2023-09-20 04:00:00+00:00,BUY,1935.18,1929.1282786399343,1941.2317213600659,1944.257582040099,1947.2834427201317,16.5242,100.0,SL <= 15.0,False,False,SL,1929.1282786399343,-100.0,-1.0
2023-09-21 03:00:00+00:00,2023-09-27 15:00:00+00:00,SELL,1924.92,1942.2453529705722,1907.594647029428,1898.931970544142,1890.2692940588558,5.7719,100.0,SL 15.0-30.0,True,True,TP3,1890.2692940588558,200.0,2.0
2023-10-03 02:00:00+00:00,2023-10-06 18:00:00+00:00,SELL,1824.97,1834.7145709040674,1815.2254290959327,1810.3531436438989,1805.4808581918653,10.2621,100.0,SL <= 15.0,True,False,SL,1834.7145709040674,-100.0,-1.0
2023-10-09 01:00:00+00:00,2023-10-13 14:00:00+00:00,BUY,1849.78,1826.985267112141,1872.574732887859,1883.9720993317885,1895.369465775718,4.387,100.0,SL 15.0-30.0,True,True,TP3,1895.369465775718,200.0,2.0
2023-10-18 04:00:00+00:00,2023-10-19 22:00:00+00:00,BUY,1939.01,1920.7179767694684,1957.3020232305316,1966.4480348457973,1975.5940464610633,5.4669,100.0,SL 15.0-30.0,True,True,TP3,1975.5940464610633,200.0,2.0
2023-10-20 11:00:00+00:00,2023-10-23 02:00:00+00:00,BUY,1983.69,1972.549554368014,1994.830445631986,2000.4006684479791,2005.9708912639721,8.9763,100.0,SL <= 15.0,True,False,SL,1972.549554368014,-100.0,-1.0
2023-10-24 12:00:00+00:00,2023-10-25 16:00:00+00:00,SELL,1966.51,1980.5300627179442,1952.4899372820557,1945.4799059230836,1938.4698745641115,7.1326,100.0,SL <= 15.0,False,False,SL,1980.5300627179442,-100.0,-1.0
2023-10-26 06:00:00+00:00,2023-10-26 15:00:00+00:00,BUY,1987.2,1979.9831692505115,1994.4168307494886,1998.0252461242328,2001.633661498977,13.8565,100.0,SL <= 15.0,False,False,SL,1979.9831692505115,-100.0,-1.0
2023-10-27 07:00:00+00:00,2023-10-27 13:00:00+00:00,BUY,1989.42,1981.7080365184922,1997.131963481508,2000.9879452222617,2004.8439269630157,12.9669,100.0,SL <= 15.0,False,False,SL,1981.7080365184922,-100.0,-1.0
2023-10-31 20:00:00+00:00,2023-11-10 20:00:00+00:00,SELL,1984.14,2009.2378288559792,1959.042171144021,1946.4932567160315,1933.944342288042,3.9844,100.0,SL 15.0-30.0,True,True,TP3,1933.944342288042,200.0,2.0
2023-11-15 10:00:00+00:00,2023-11-15 15:00:00+00:00,BUY,1971.52,1964.9358652734377,1978.1041347265623,1981.3962020898434,1984.6882694531246,15.188,100.0,SL <= 15.0,False,False,SL,1964.9358652734377,-100.0,-1.0
2023-11-16 16:00:00+00:00,2023-11-27 03:00:00+00:00,BUY,1979.67,1960.9259009851792,1998.414099014821,2007.7861485222315,2017.1581980296419,5.335,100.0,SL 15.0-30.0,True,True,TP3,2017.1581980296419,200.0,2.0
2023-11-28 02:00:00+00:00,2023-11-28 17:00:00+00:00,BUY,2017.09,2011.0628090513844,2023.1171909486154,2026.1307864229232,2029.144381897231,16.5915,100.0,SL <= 15.0,True,True,TP3,2029.144381897231,200.0,2.0
2023-11-30 20:00:00+00:00,2023-12-01 03:00:00+00:00,SELL,2034.92,2042.679296445133,2027.160703554867,2023.2810553323006,2019.401407109734,12.8878,100.0,SL <= 15.0,False,False,SL,2042.679296445133,-100.0,-1.0
2023-12-01 18:00:00+00:00,2023-12-04 01:00:00+00:00,BUY,2058.78,2032.1429060211092,2085.417093978891,2098.7356409683366,2112.0541879577822,3.7542,100.0,SL 15.0-30.0,True,True,TP3,2112.0541879577822,200.0,2.0
2023-12-04 17:00:00+00:00,2023-12-27 17:00:00+00:00,SELL,2022.51,2075.4332287061334,1969.5867712938666,1943.1251569408,1916.6635425877332,1.8895,100.0,AVOID: SL > 30.0,False,False,SL,2075.4332287061334,-100.0,-1.0
2023-12-28 03:00:00+00:00,2023-12-28 11:00:00+00:00,BUY,2086.98,2075.1140893340066,2098.8459106659934,2104.77886599899,2110.711821331987,8.4275,100.0,SL <= 15.0,False,False,SL,2075.1140893340066,-100.0,-1.0
2023-12-28 21:00:00+00:00,2024-01-03 15:00:00+00:00,SELL,2067.99,2082.518623774899,2053.4613762251006,2046.197064337651,2038.9327524502014,6.883,100.0,SL <= 15.0,True,True,TP3,2038.9327524502014,200.0,2.0
2024-01-05 17:00:00+00:00,2024-01-08 13:00:00+00:00,BUY,2054.8,2022.6386709811056,2086.9613290188945,2103.041993528342,2119.1226580377893,3.1093,100.0,AVOID: SL > 30.0,False,False,SL,2022.6386709811056,-100.0,-1.0
2024-01-10 08:00:00+00:00,2024-01-10 10:00:00+00:00,SELL,2024.58,2033.9747410422256,2015.1852589577743,2010.4878884366615,2005.7905179155487,10.6443,100.0,SL <= 15.0,False,False,SL,2033.9747410422256,-100.0,-1.0
2024-01-10 20:00:00+00:00,2024-01-11 08:00:00+00:00,SELL,2023.7,2034.805773364308,2012.5942266356922,2007.0413399535382,2001.4884532713843,9.0043,100.0,SL <= 15.0,False,False,SL,2034.805773364308,-100.0,-1.0
2024-01-12 12:00:00+00:00,2024-01-16 15:00:00+00:00,BUY,2045.84,2032.8070301617106,2058.8729698382895,2065.3894547574337,2071.905939676579,7.6728,100.0,SL <= 15.0,True,False,SL,2032.8070301617106,-100.0,-1.0
2024-01-17 05:00:00+00:00,2024-01-17 19:00:00+00:00,SELL,2024.02,2034.2253186389473,2013.8146813610526,2008.712022041579,2003.6093627221053,9.7988,100.0,SL <= 15.0,True,True,TP3,2003.6093627221053,200.0,2.0
2024-01-19 09:00:00+00:00,2024-01-22 09:00:00+00:00,BUY,2028.05,2019.383920320449,2036.7160796795508,2041.0491195193263,2045.3821593591017,11.5392,100.0,SL <= 15.0,True,False,SL,2019.383920320449,-100.0,-1.0
2024-01-23 07:00:00+00:00,2024-01-24 17:00:00+00:00,BUY,2030.79,2018.5426427835307,2043.0373572164692,2049.161035824704,2055.2847144329385,8.165,100.0,SL <= 15.0,False,False,SL,2018.5426427835307,-100.0,-1.0
2024-01-29 08:00:00+00:00,2024-01-30 16:00:00+00:00,BUY,2028.82,2020.4604230789707,2037.1795769210291,2041.3593653815437,2045.5391538420583,11.9623,100.0,SL <= 15.0,True,True,TP3,2045.5391538420583,200.0,2.0
2024-02-05 09:00:00+00:00,2024-02-06 17:00:00+00:00,SELL,2027.56,2035.8006560139838,2019.319343986016,2015.1990159790241,2011.0786879720322,12.135,100.0,SL <= 15.0,True,True,SL,2035.8006560139838,-100.0,-1.0
2024-02-13 13:00:00+00:00,2024-02-13 15:00:00+00:00,BUY,2027.73,2022.6542840219406,2032.8057159780594,2035.343573967089,2037.8814319561188,19.7017,100.0,SL <= 15.0,False,False,SL,2022.6542840219406,-100.0,-1.0
2024-02-14 10:00:00+00:00,2024-02-14 19:00:00+00:00,SELL,1988.48,1994.330487934519,1982.629512065481,1979.7042680982217,1976.7790241309622,17.0926,100.0,SL <= 15.0,False,False,SL,1994.330487934519,-100.0,-1.0
2024-02-15 10:00:00+00:00,2024-02-15 16:00:00+00:00,BUY,1995.21,1989.5852341015668,2000.8347658984333,2003.64714884765,2006.4595317968665,17.7785,100.0,SL <= 15.0,True,True,TP3,2006.4595317968665,200.0,2.0
2024-02-16 18:00:00+00:00,2024-02-23 20:00:00+00:00,BUY,2009.19,1993.8044515604088,2024.5755484395913,2032.268322659387,2039.9610968791826,6.4996,100.0,SL 15.0-30.0,True,True,TP3,2039.9610968791826,200.0,2.0
2024-02-27 10:00:00+00:00,2024-02-27 18:00:00+00:00,BUY,2038.12,2032.017390674803,2044.2226093251968,2047.2739139877954,2050.3252186503937,16.3864,100.0,SL <= 15.0,False,False,SL,2032.017390674803,-100.0,-1.0
2024-02-28 09:00:00+00:00,2024-02-28 15:00:00+00:00,SELL,2028.11,2032.78524289069,2023.4347571093099,2021.0971356639648,2018.7595142186199,21.3893,100.0,SL <= 5.0,False,False,SL,2032.78524289069,-100.0,-1.0
2024-03-05 10:00:00+00:00,2024-03-05 15:00:00+00:00,BUY,2120.65,2111.1940894969507,2130.1059105030495,2134.833865754574,2139.561821006099,10.5754,100.0,SL <= 15.0,True,True,TP3,2139.561821006099,200.0,2.0
2024-03-06 16:00:00+00:00,2024-03-08 19:00:00+00:00,BUY,2144.91,2123.0659198022704,2166.7540801977293,2177.676120296594,2188.5981603954588,4.5779,100.0,SL 15.0-30.0,True,True,TP3,2188.5981603954588,200.0,2.0
2024-03-12 14:00:00+00:00,2024-03-12 15:00:00+00:00,SELL,2171.93,2180.3115544583284,2163.5484455416713,2159.357668312507,2155.1668910833428,11.931,100.0,SL <= 15.0,False,False,SL,2180.3115544583284,-100.0,-1.0
2024-03-18 04:00:00+00:00,2024-03-18 14:00:00+00:00,SELL,2152.23,2159.586025021725,2144.873974978275,2141.1959624674123,2137.5179499565497,13.5943,100.0,SL <= 15.0,False,False,SL,2159.586025021725,-100.0,-1.0
2024-03-19 11:00:00+00:00,2024-03-20 17:00:00+00:00,SELL,2153.05,2163.213342042624,2142.8866579573764,2137.804986936065,2132.7233159147527,9.8393,100.0,SL <= 15.0,False,False,SL,2163.213342042624,-100.0,-1.0
2024-03-22 14:00:00+00:00,2024-03-22 15:00:00+00:00,SELL,2166.09,2171.972155805284,2160.2078441947165,2157.266766292075,2154.325688389433,17.0006,100.0,SL <= 15.0,False,False,SL,2171.972155805284,-100.0,-1.0
2024-03-22 20:00:00+00:00,2024-03-26 12:00:00+00:00,SELL,2159.2,2182.0083763070324,2136.391623692967,2124.987435539451,2113.5832473859346,4.3844,100.0,SL 15.0-30.0,False,False,SL,2182.0083763070324,-100.0,-1.0
2024-03-28 09:00:00+00:00,2024-03-28 19:00:00+00:00,BUY,2198.72,2187.663030304662,2209.776969695338,2215.305454543007,2220.833939390676,9.0441,100.0,SL <= 15.0,True,True,TP3,2220.833939390676,200.0,2.0
2024-04-05 04:00:00+00:00,2024-04-05 13:00:00+00:00,SELL,2271.8,2295.6917652816537,2247.9082347183466,2235.96235207752,2224.016469436693,4.1855,100.0,SL 15.0-30.0,False,False,SL,2295.6917652816537,-100.0,-1.0
2024-04-05 17:00:00+00:00,2024-04-12 10:00:00+00:00,BUY,2317.52,2277.478494853856,2357.561505146144,2377.582257719216,2397.603010292288,2.4974,100.0,AVOID: SL > 30.0,True,True,TP3,2397.603010292288,200.0,2.0
2024-04-16 19:00:00+00:00,2024-04-22 09:00:00+00:00,BUY,2397.48,2360.229325296832,2434.730674703168,2453.356012054752,2471.981349406336,2.6845,100.0,AVOID: SL > 30.0,False,False,SL,2360.229325296832,-100.0,-1.0
2024-04-23 04:00:00+00:00,2024-04-25 17:00:00+00:00,SELL,2298.81,2337.2903359877646,2260.3296640122353,2241.089496018353,2221.8493280244707,2.5987,100.0,AVOID: SL > 30.0,False,False,SL,2337.2903359877646,-100.0,-1.0
2024-04-26 10:00:00+00:00,2024-04-26 17:00:00+00:00,BUY,2345.58,2330.2885064569837,2360.871493543016,2368.5172403145243,2376.1629870860324,6.5396,100.0,SL 15.0-30.0,False,False,SL,2330.2885064569837,-100.0,-1.0
2024-04-29 05:00:00+00:00,2024-04-29 11:00:00+00:00,SELL,2324.21,2338.801575288721,2309.618424711279,2302.322637066919,2295.0268494225584,6.8533,100.0,SL <= 15.0,False,False,SL,2338.801575288721,-100.0,-1.0
2024-04-30 08:00:00+00:00,2024-04-30 20:00:00+00:00,SELL,2322.92,2337.8113656927612,2308.028634307239,2300.5829514608586,2293.1372686144778,6.7153,100.0,SL <= 15.0,True,True,TP3,2293.1372686144778,200.0,2.0
2024-05-01 06:00:00+00:00,2024-05-01 14:00:00+00:00,SELL,2284.13,2295.030642960955,2273.229357039045,2267.7790355585676,2262.3287140780903,9.1738,100.0,SL <= 15.0,False,False,SL,2295.030642960955,-100.0,-1.0
2024-05-06 10:00:00+00:00,2024-05-08 10:00:00+00:00,BUY,2322.77,2305.8756116733025,2339.6643883266975,2348.111582490046,2356.558776653395,5.9191,100.0,SL 15.0-30.0,False,False,SL,2305.8756116733025,-100.0,-1.0
2024-05-13 07:00:00+00:00,2024-05-15 11:00:00+00:00,SELL,2354.27,2366.146753206084,2342.3932467939158,2336.4548701908734,2330.5164935878315,8.4198,100.0,SL <= 15.0,True,True,SL,2366.146753206084,-100.0,-1.0
2024-05-17 16:00:00+00:00,2024-05-20 08:00:00+00:00,BUY,2401.61,2380.1009647567253,2423.119035243275,2433.873552864912,2444.62807048655,4.6492,100.0,SL 15.0-30.0,True,True,TP3,2444.62807048655,200.0,2.0
2024-05-23 04:00:00+00:00,2024-05-23 17:00:00+00:00,SELL,2373.03,2385.863151090365,2360.1968489096353,2353.780273364453,2347.3636978192703,7.7923,100.0,SL <= 15.0,True,True,TP3,2347.3636978192703,200.0,2.0
2024-05-27 16:00:00+00:00,2024-05-28 11:00:00+00:00,BUY,2354.97,2340.7724034275197,2369.16759657248,2376.2663948587197,2383.36519314496,7.0434,100.0,SL <= 15.0,False,False,SL,2340.7724034275197,-100.0,-1.0
2024-05-29 15:00:00+00:00,2024-05-31 15:00:00+00:00,SELL,2337.6,2353.4200446597865,2321.7799553402133,2313.86993301032,2305.9599106804267,6.3211,100.0,SL 15.0-30.0,False,False,SL,2353.4200446597865,-100.0,-1.0
2024-06-03 08:00:00+00:00,2024-06-03 13:00:00+00:00,SELL,2320.15,2332.8249261612477,2307.4750738387525,2301.1376107581286,2294.800147677505,7.8896,100.0,SL <= 15.0,False,False,SL,2332.8249261612477,-100.0,-1.0
2024-06-06 04:00:00+00:00,2024-06-07 11:00:00+00:00,BUY,2367.43,2351.054579490315,2383.8054205096846,2391.993130764527,2400.1808410193694,6.1067,100.0,SL 15.0-30.0,True,False,SL,2351.054579490315,-100.0,-1.0
2024-06-14 13:00:00+00:00,2024-06-26 14:00:00+00:00,BUY,2330.51,2305.5421853379385,2355.477814662062,2367.961721993093,2380.4456293241237,4.0052,100.0,SL 15.0-30.0,True,True,SL,2305.5421853379385,-100.0,-1.0
2024-06-27 15:00:00+00:00,2024-07-05 10:00:00+00:00,BUY,2322.83,2300.565620346016,2345.0943796539837,2356.2265694809757,2367.3587593079674,4.4915,100.0,SL 15.0-30.0,True,True,TP3,2367.3587593079674,200.0,2.0
2024-07-10 09:00:00+00:00,2024-07-10 16:00:00+00:00,BUY,2371.92,2365.053882384044,2378.7861176159563,2382.219176423934,2385.6522352319125,14.5643,100.0,SL <= 15.0,True,True,TP3,2385.6522352319125,200.0,2.0
2024-07-16 12:00:00+00:00,2024-07-17 04:00:00+00:00,BUY,2442.43,2426.519163573453,2458.3408364265465,2466.29625463982,2474.251672853093,6.285,100.0,SL 15.0-30.0,True,True,TP3,2474.251672853093,200.0,2.0
2024-07-17 19:00:00+00:00,2024-07-19 16:00:00+00:00,SELL,2455.61,2486.322488249616,2424.897511750384,2409.5412676255764,2394.1850235007682,3.256,100.0,AVOID: SL > 30.0,True,True,TP3,2394.1850235007682,200.0,2.0
2024-07-22 16:00:00+00:00,2024-07-23 14:00:00+00:00,SELL,2392.66,2410.289731163133,2375.0302688368665,2366.2154032553,2357.400537673733,5.6722,100.0,SL 15.0-30.0,False,False,SL,2410.289731163133,-100.0,-1.0
2024-07-24 15:00:00+00:00,2024-07-24 20:00:00+00:00,BUY,2421.41,2408.2508730484496,2434.56912695155,2441.148690427325,2447.7282539031003,7.5993,100.0,SL <= 15.0,False,False,SL,2408.2508730484496,-100.0,-1.0
2024-07-26 16:00:00+00:00,2024-07-30 20:00:00+00:00,BUY,2380.77,2368.192669476663,2393.347330523337,2399.6359957850054,2405.924661046674,7.9508,100.0,SL <= 15.0,True,True,TP3,2405.924661046674,200.0,2.0
2024-07-31 06:00:00+00:00,2024-07-31 22:00:00+00:00,BUY,2416.51,2402.059272504794,2430.9607274952064,2438.186091242809,2445.4114549904125,6.9201,100.0,SL <= 15.0,True,True,TP3,2445.4114549904125,200.0,2.0
2024-08-02 08:00:00+00:00,2024-08-02 17:00:00+00:00,BUY,2466.73,2432.6627276458266,2500.7972723541734,2517.8309085312603,2534.864544708347,2.9354,100.0,AVOID: SL > 30.0,False,False,SL,2432.6627276458266,-100.0,-1.0
2024-08-05 13:00:00+00:00,2024-08-12 16:00:00+00:00,SELL,2408.5,2449.5426078218634,2367.4573921781366,2346.936088267205,2326.4147843562732,2.4365,100.0,AVOID: SL > 30.0,True,False,SL,2449.5426078218634,-100.0,-1.0
2024-08-14 17:00:00+00:00,2024-08-16 15:00:00+00:00,SELL,2450.22,2482.1395933371696,2418.30040666283,2402.340609994245,2386.3808133256603,3.1329,100.0,AVOID: SL > 30.0,False,False,SL,2482.1395933371696,-100.0,-1.0
2024-08-22 16:00:00+00:00,2024-08-23 17:00:00+00:00,SELL,2488.05,2511.150908058117,2464.9490919418836,2453.3986379128255,2441.848183883767,4.3288,100.0,SL 15.0-30.0,False,False,SL,2511.150908058117,-100.0,-1.0
2024-08-26 10:00:00+00:00,2024-08-27 05:00:00+00:00,BUY,2521.41,2507.173323911197,2535.646676088803,2542.765014133204,2549.883352177606,7.0241,100.0,SL <= 15.0,False,False,SL,2507.173323911197,-100.0,-1.0
2024-08-28 14:00:00+00:00,2024-08-29 03:00:00+00:00,SELL,2501.39,2512.8903388744757,2489.889661125524,2484.1394916882864,2478.3893222510483,8.6954,100.0,SL <= 15.0,False,False,SL,2512.8903388744757,-100.0,-1.0
2024-09-02 05:00:00+00:00,2024-09-02 11:00:00+00:00,SELL,2491.93,2506.674171125362,2477.1858288746375,2469.8137433119564,2462.4416577492752,6.7823,100.0,SL <= 15.0,False,False,SL,2506.674171125362,-100.0,-1.0
2024-09-04 11:00:00+00:00,2024-09-04 17:00:00+00:00,SELL,2473.25,2498.462756842116,2448.037243157884,2435.430864736826,2422.824486315768,3.9662,100.0,SL 15.0-30.0,False,False,SL,2498.462756842116,-100.0,-1.0
2024-09-11 02:00:00+00:00,2024-09-11 15:00:00+00:00,BUY,2518.6,2510.7100624115637,2526.489937588436,2530.434906382654,2534.3798751768722,12.6744,100.0,SL <= 15.0,True,False,SL,2510.7100624115637,-100.0,-1.0
2024-09-12 15:00:00+00:00,2024-09-13 04:00:00+00:00,BUY,2528.52,2511.3720977460016,2545.6679022539984,2554.241853380998,2562.8158045079967,5.8316,100.0,SL 15.0-30.0,True,True,TP3,2562.8158045079967,200.0,2.0
2024-09-16 06:00:00+00:00,2024-09-16 13:00:00+00:00,BUY,2586.32,2576.725693571925,2595.914306428075,2600.7114596421125,2605.50861285615,10.4228,100.0,SL <= 15.0,False,False,SL,2576.725693571925,-100.0,-1.0
2024-09-18 14:00:00+00:00,2024-09-18 20:00:00+00:00,BUY,2577.41,2566.3921038493104,2588.4278961506893,2593.936844226034,2599.445792301379,9.0761,100.0,SL <= 15.0,False,False,SL,2566.3921038493104,-100.0,-1.0
2024-09-20 07:00:00+00:00,2024-09-20 14:00:00+00:00,BUY,2593.7,2583.0581708142486,2604.341829185751,2609.6627437786265,2614.9836583715023,9.3969,100.0,SL <= 15.0,True,True,TP3,2614.9836583715023,200.0,2.0
2024-09-23 06:00:00+00:00,2024-09-23 10:00:00+00:00,BUY,2628.49,2614.295391053677,2642.6846089463224,2649.7819134194838,2656.879217892645,7.0449,100.0,SL <= 15.0,False,False,SL,2614.295391053677,-100.0,-1.0
2024-09-23 16:00:00+00:00,2024-09-25 05:00:00+00:00,BUY,2631.92,2613.5614637636236,2650.2785362363766,2659.457804354565,2668.637072472753,5.4471,100.0,SL 15.0-30.0,True,True,TP3,2668.637072472753,200.0,2.0
2024-09-26 11:00:00+00:00,2024-09-26 16:00:00+00:00,BUY,2669.0,2656.4110130660883,2681.5889869339117,2687.8834804008675,2694.1779738678233,7.9435,100.0,SL <= 15.0,True,False,SL,2656.4110130660883,-100.0,-1.0
2024-09-30 13:00:00+00:00,2024-10-01 16:00:00+00:00,SELL,2636.91,2662.7950523372165,2611.0249476627832,2598.082421494175,2585.1398953255666,3.8632,100.0,SL 15.0-30.0,False,False,SL,2662.7950523372165,-100.0,-1.0
2024-10-04 07:00:00+00:00,2024-10-04 15:00:00+00:00,BUY,2664.05,2653.876690127551,2674.2233098724496,2679.3099648086745,2684.396619744899,9.8296,100.0,SL <= 15.0,False,False,SL,2653.876690127551,-100.0,-1.0
2024-10-08 14:00:00+00:00,2024-10-08 17:00:00+00:00,BUY,2650.72,2626.3286956253414,2675.111304374658,2687.306956561987,2699.5026087493166,4.0998,100.0,SL 15.0-30.0,False,False,SL,2626.3286956253414,-100.0,-1.0
2024-10-11 16:00:00+00:00,2024-10-16 12:00:00+00:00,BUY,2649.72,2634.152178674087,2665.287821325913,2673.071731988869,2680.8556426518257,6.4235,100.0,SL 15.0-30.0,True,True,TP3,2680.8556426518257,200.0,2.0
2024-10-18 04:00:00+00:00,2024-10-21 12:00:00+00:00,BUY,2704.62,2689.080537018587,2720.1594629814126,2727.929194472119,2735.6989259628253,6.4352,100.0,SL 15.0-30.0,True,True,TP3,2735.6989259628253,200.0,2.0
2024-10-22 17:00:00+00:00,2024-10-23 17:00:00+00:00,BUY,2741.86,2727.5605724844104,2756.15942751559,2763.3091412733847,2770.4588550311796,6.9933,100.0,SL <= 15.0,True,False,SL,2727.5605724844104,-100.0,-1.0
2024-10-25 11:00:00+00:00,2024-10-25 17:00:00+00:00,SELL,2719.4,2734.1529648291526,2704.6470351708476,2697.270552756271,2689.894070341695,6.7783,100.0,SL <= 15.0,False,False,SL,2734.1529648291526,-100.0,-1.0
2024-10-25 20:00:00+00:00,2024-10-30 09:00:00+00:00,BUY,2744.3,2723.3532348010467,2765.2467651989537,2775.7201477984304,2786.193530397907,4.774,100.0,SL 15.0-30.0,True,True,TP3,2786.193530397907,200.0,2.0
2024-10-31 16:00:00+00:00,2024-11-06 13:00:00+00:00,SELL,2755.34,2784.491821178634,2726.1881788213664,2711.6122682320492,2697.0363576427326,3.4303,100.0,SL 15.0-30.0,True,True,TP3,2697.0363576427326,200.0,2.0
2024-11-07 03:00:00+00:00,2024-11-07 14:00:00+00:00,SELL,2649.33,2671.070286865609,2627.589713134391,2616.7195697015864,2605.849426268782,4.5998,100.0,SL 15.0-30.0,False,False,SL,2671.070286865609,-100.0,-1.0
2024-11-11 12:00:00+00:00,2024-11-11 16:00:00+00:00,SELL,2661.84,2677.330997724721,2646.3490022752794,2638.603503412919,2630.8580045505587,6.4554,100.0,SL 15.0-30.0,True,True,TP3,2630.8580045505587,200.0,2.0
2024-11-12 07:00:00+00:00,2024-11-14 03:00:00+00:00,SELL,2606.82,2629.1935764088307,2584.4464235911696,2573.2596353867543,2562.072847182339,4.4696,100.0,SL 15.0-30.0,True,True,TP3,2562.072847182339,200.0,2.0
2024-11-18 15:00:00+00:00,2024-11-20 18:00:00+00:00,BUY,2603.92,2581.3390934028225,2626.5009065971776,2637.7913598957666,2649.081813194355,4.4285,100.0,SL 15.0-30.0,True,True,TP3,2649.081813194355,200.0,2.0
2024-11-21 02:00:00+00:00,2024-11-22 04:00:00+00:00,BUY,2658.42,2645.3850266275313,2671.454973372469,2677.9724600587033,2684.4899467449377,7.6717,100.0,SL <= 15.0,True,True,TP3,2684.4899467449377,200.0,2.0
2024-11-22 20:00:00+00:00,2024-11-25 05:00:00+00:00,BUY,2710.85,2682.074214285832,2739.6257857141677,2754.0136785712516,2768.4015714283355,3.4751,100.0,SL 15.0-30.0,False,False,SL,2682.074214285832,-100.0,-1.0
2024-11-25 16:00:00+00:00,2024-12-10 18:00:00+00:00,SELL,2641.29,2692.457573727165,2590.122426272835,2564.538639409253,2538.9548525456703,1.9544,100.0,AVOID: SL > 30.0,False,False,SL,2692.457573727165,-100.0,-1.0
2024-12-12 16:00:00+00:00,2024-12-18 21:00:00+00:00,SELL,2686.42,2718.151303054818,2654.688696945182,2638.823045417773,2622.957393890364,3.1515,100.0,AVOID: SL > 30.0,True,True,TP3,2622.957393890364,200.0,2.0
2024-12-20 17:00:00+00:00,2024-12-30 18:00:00+00:00,BUY,2630.31,2597.921747503206,2662.698252496794,2678.892378745191,2695.086504993588,3.0875,100.0,AVOID: SL > 30.0,False,False,SL,2597.921747503206,-100.0,-1.0
